"ii","rr","rr_1","Val"
"coa","CHN","CHN",0.412937670946121
"coa","CHN","JPN",3.23743581771851
"coa","CHN","KOR",3.33793950080872
"coa","CHN","TWN",5.30138826370239
"coa","CHN","IND",0.321098148822784
"coa","CHN","CAN",0.00253320741467178
"coa","CHN","USA",0.0330351367592812
"coa","CHN","MEX",0.000349953159457073
"coa","CHN","BRA",0.00140601000748575
"coa","CHN","RUS",0.0312230512499809
"coa","CHN","LAM",0.0202431790894479
"coa","CHN","EUR",0.0885301526361673
"coa","CHN","ROE",0.0145254960680177
"coa","CHN","ASI",0.0363804100779817
"coa","CHN","REA",0.0939797797182109
"coa","CHN","ANZ",0.00175535888411105
"coa","CHN","MES",0.00347066507674754
"coa","CHN","AFR",0.0211170261572988
"coa","IND","CHN",0.022388908360881
"coa","IND","JPN",1.73170283233048E-5
"coa","IND","KOR",3.07785849145148E-5
"coa","IND","TWN",0.00034674906055443
"coa","IND","CAN",5.59829049961991E-6
"coa","IND","USA",9.95884765870869E-5
"coa","IND","RUS",3.49356669175904E-5
"coa","IND","LAM",7.82911683927523E-6
"coa","IND","EUR",0.000146076852161059
"coa","IND","ROE",3.04826598949148E-5
"coa","IND","ASI",1.95136394722795E-5
"coa","IND","REA",0.642789267003536
"coa","IND","ANZ",6.39422432868741E-6
"coa","IND","MES",0.000285389483906329
"coa","IND","AFR",0.000100328791177162
"coa","CAN","CHN",1.68209799460601
"coa","CAN","JPN",4.11970949172974
"coa","CAN","KOR",3.69658708572388
"coa","CAN","TWN",0.518414497375488
"coa","CAN","IND",0.121675856411457
"coa","CAN","USA",0.606629073619843
"coa","CAN","MEX",0.137082874774933
"coa","CAN","BRA",0.923729658126831
"coa","CAN","RUS",0.00391639675945044
"coa","CAN","LAM",0.124608507988341
"coa","CAN","EUR",2.19456387210994
"coa","CAN","ROE",1.74452893947227
"coa","CAN","ASI",0.00325857737334445
"coa","CAN","REA",0.096824075520999
"coa","CAN","ANZ",0.000292507009362453
"coa","CAN","MES",0.000602059764787555
"coa","CAN","AFR",0.0383412402120484
"coa","USA","CHN",2.19466717843898
"coa","USA","JPN",3.87724542617798
"coa","USA","KOR",3.51588416099548
"coa","USA","TWN",0.0184192471206188
"coa","USA","IND",1.46287059783936
"coa","USA","CAN",2.09466338157654
"coa","USA","MEX",0.823911190032959
"coa","USA","BRA",4.34957551956177
"coa","USA","RUS",4.40797281265259
"coa","USA","LAM",0.947219481546199
"coa","USA","EUR",24.8566302318509
"coa","USA","ROE",7.89849379091447
"coa","USA","ASI",0.0148336859419942
"coa","USA","REA",0.0222248051773022
"coa","USA","ANZ",0.00181599915958941
"coa","USA","MES",0.00318276282632723
"coa","USA","AFR",2.59673029991995
"coa","RUS","CHN",7.7670626938343
"coa","RUS","JPN",10.1575813293457
"coa","RUS","KOR",10.5210847854614
"coa","RUS","TWN",1.3622567653656
"coa","RUS","IND",0.501391172409058
"coa","RUS","CAN",0.139434471726418
"coa","RUS","USA",0.00481133023276925
"coa","RUS","MEX",0.00159621413331479
"coa","RUS","BRA",1.0051589012146
"coa","RUS","LAM",0.00505591580622422
"coa","RUS","EUR",31.4706975131994
"coa","RUS","ROE",4.72043454450886
"coa","RUS","ASI",0.0257849064655602
"coa","RUS","REA",0.0611207869133068
"coa","RUS","ANZ",0.000481585477245972
"coa","RUS","MES",0.53404701652471
"coa","RUS","AFR",1.07167083940453
"coa","LAM","CHN",1.11694147882372
"coa","LAM","JPN",0.451240893019531
"coa","LAM","KOR",0.365331333653558
"coa","LAM","TWN",0.0420204575693788
"coa","LAM","IND",0.0359582483933991
"coa","LAM","CAN",1.23956668529445
"coa","LAM","USA",5.65195242618847
"coa","LAM","MEX",0.528244692035969
"coa","LAM","BRA",2.94576011080244
"coa","LAM","RUS",0.0342504416944394
"coa","LAM","LAM",5.69948793393041
"coa","LAM","EUR",27.1336137470862
"coa","LAM","ROE",0.839311548452542
"coa","LAM","ASI",0.0271931807540113
"coa","LAM","REA",0.038290816008157
"coa","LAM","ANZ",0.00321864497936986
"coa","LAM","MES",5.05966678621598
"coa","LAM","AFR",0.107350022070705
"coa","EUR","CHN",0.00778834653920057
"coa","EUR","JPN",0.00533458188692748
"coa","EUR","KOR",0.0036902922720401
"coa","EUR","TWN",0.00359818025390268
"coa","EUR","IND",0.00273657033812924
"coa","EUR","CAN",0.00416984882758697
"coa","EUR","USA",0.00702094494408811
"coa","EUR","MEX",0.000429221769991273
"coa","EUR","BRA",0.000893721568900219
"coa","EUR","RUS",0.0520093415398151
"coa","EUR","LAM",0.00423005993025072
"coa","EUR","EUR",8.47201889137068
"coa","EUR","ROE",0.146452711227312
"coa","EUR","ASI",0.00538645077813271
"coa","EUR","REA",0.00765150309189266
"coa","EUR","ANZ",0.0012790694895557
"coa","EUR","MES",0.00279504148375054
"coa","EUR","AFR",0.0317149660234008
"coa","ROE","CHN",0.0771718567402786
"coa","ROE","JPN",0.0540075959183923
"coa","ROE","KOR",0.143666228431812
"coa","ROE","TWN",0.0413109987857752
"coa","ROE","IND",0.093762313190382
"coa","ROE","CAN",0.0541548190526555
"coa","ROE","USA",0.0523532909919595
"coa","ROE","MEX",0.00565819589974126
"coa","ROE","BRA",0.0294938649021788
"coa","ROE","RUS",6.97757650616222
"coa","ROE","LAM",0.0124961895417073
"coa","ROE","EUR",4.00459354903296
"coa","ROE","ROE",4.42389557475553
"coa","ROE","ASI",0.0296444090290606
"coa","ROE","REA",0.0344234476431211
"coa","ROE","ANZ",0.00270152223856712
"coa","ROE","MES",0.0124501671962207
"coa","ROE","AFR",0.162788724458323
"coa","ASI","CHN",0.428485039004954
"coa","ASI","JPN",0.000124923637486063
"coa","ASI","KOR",0.000156214227899909
"coa","ASI","TWN",9.59757308010012E-5
"coa","ASI","IND",0.0089563550427556
"coa","ASI","CAN",5.05990692545311E-6
"coa","ASI","USA",6.57492637401447E-6
"coa","ASI","MEX",3.80628603124933E-6
"coa","ASI","BRA",1.36483995447634E-5
"coa","ASI","RUS",7.47118538129143E-5
"coa","ASI","LAM",5.5426025937777E-6
"coa","ASI","EUR",0.000220111156295388
"coa","ASI","ROE",8.06220018603199E-5
"coa","ASI","ASI",0.0265488141867536
"coa","ASI","REA",5.25736486451933E-5
"coa","ASI","ANZ",0.0198646543808536
"coa","ASI","MES",8.53965229907772E-6
"coa","ASI","AFR",8.00871459887276E-5
"coa","REA","CHN",26.9616074675287
"coa","REA","JPN",1.57248537440319
"coa","REA","KOR",1.30685876804637
"coa","REA","TWN",0.0914481320505729
"coa","REA","IND",0.13798652542755
"coa","REA","CAN",0.00621353890164755
"coa","REA","USA",0.0156012534862384
"coa","REA","MEX",0.00219213638047222
"coa","REA","BRA",0.00464530879980884
"coa","REA","RUS",0.0539408556651324
"coa","REA","LAM",0.00614135149771755
"coa","REA","EUR",0.165824927899166
"coa","REA","ROE",0.0276778130805724
"coa","REA","ASI",0.638449829421006
"coa","REA","REA",0.0764333293523123
"coa","REA","ANZ",0.0350701715949526
"coa","REA","MES",0.00370783283869969
"coa","REA","AFR",0.092690922424481
"coa","ANZ","CHN",16.7888731125208
"coa","ANZ","JPN",58.1371761607297
"coa","ANZ","KOR",25.7843811249586
"coa","ANZ","TWN",10.9131104168573
"coa","ANZ","IND",39.6510049540011
"coa","ANZ","CAN",0.00716498828842305
"coa","ANZ","USA",0.0176136127556674
"coa","ANZ","MEX",1.38135458752004
"coa","ANZ","BRA",2.64364546437355
"coa","ANZ","RUS",0.0622266521240817
"coa","ANZ","LAM",0.867553019842262
"coa","ANZ","EUR",13.8731180381094
"coa","ANZ","ROE",2.85729840828299
"coa","ANZ","ASI",4.22516653708726
"coa","ANZ","REA",0.639744998285096
"coa","ANZ","ANZ",0.168150658567811
"coa","ANZ","MES",0.188382773240392
"coa","ANZ","AFR",0.977955850368289
"coa","MES","CHN",0.103848468063006
"coa","MES","JPN",0.00137881306000054
"coa","MES","KOR",0.00121721199684544
"coa","MES","TWN",0.000376780481019523
"coa","MES","IND",0.0682132206275128
"coa","MES","CAN",0.00135851330833248
"coa","MES","USA",0.0034626891665539
"coa","MES","MEX",0.000342933670708589
"coa","MES","BRA",0.000380882936951821
"coa","MES","RUS",0.00490718172659399
"coa","MES","LAM",0.00107461912011786
"coa","MES","EUR",0.0288405201847581
"coa","MES","ROE",0.00249850406635233
"coa","MES","ASI",0.00104413756162103
"coa","MES","REA",0.00326039005631173
"coa","MES","ANZ",0.000527969244103588
"coa","MES","MES",0.000435052063949115
"coa","MES","AFR",0.00472355403417168
"coa","AFR","CHN",7.26541054722156
"coa","AFR","JPN",0.605409764848446
"coa","AFR","KOR",2.62463119075983
"coa","AFR","TWN",0.644274143051007
"coa","AFR","IND",10.4058940245777
"coa","AFR","CAN",0.00251170426645331
"coa","AFR","USA",0.0311224040501656
"coa","AFR","MEX",0.808851511434113
"coa","AFR","BRA",0.275251582737837
"coa","AFR","RUS",0.0257264116662554
"coa","AFR","LAM",0.301313855059107
"coa","AFR","EUR",12.8219938232444
"coa","AFR","ROE",0.456668676531535
"coa","AFR","ASI",2.40513659300541
"coa","AFR","REA",0.903378208168533
"coa","AFR","ANZ",0.000450342191697928
"coa","AFR","MES",3.42252866825584
"coa","AFR","AFR",1.18151124118526
"coa","IDZ","CHN",59.7908778190613
"coa","IDZ","JPN",27.0950489044189
"coa","IDZ","KOR",29.3835201263428
"coa","IDZ","TWN",21.9127025604248
"coa","IDZ","IND",25.4695625305176
"coa","IDZ","CAN",0.00539683224633336
"coa","IDZ","USA",0.246696189045906
"coa","IDZ","MEX",0.0574564449489117
"coa","IDZ","BRA",0.0141596812754869
"coa","IDZ","RUS",0.0778505876660347
"coa","IDZ","LAM",0.323098309279885
"coa","IDZ","EUR",7.13282728030754
"coa","IDZ","ROE",2.29659779694339
"coa","IDZ","ASI",24.4693722724915
"coa","IDZ","REA",1.9009831547537
"coa","IDZ","ANZ",0.000584233050176408
"coa","IDZ","MES",0.0636759226617869
"coa","IDZ","AFR",0.0871017361600934
"oil","CAN","CHN",0.40052792429924
"oil","CAN","JPN",0.0122688291594386
"oil","CAN","KOR",0.0107397343963385
"oil","CAN","TWN",0.00249397614970803
"oil","CAN","IND",0.0184406992048025
"oil","CAN","USA",64.4981842041016
"oil","CAN","BRA",0.000884884269908071
"oil","CAN","LAM",0.64750253755119
"oil","CAN","EUR",0.0630819982216053
"oil","CAN","ROE",0.0316921082267072
"oil","CAN","ASI",0.11894683400169
"oil","CAN","REA",0.00163500630878843
"oil","CAN","ANZ",0.0115219011640875
"oil","CAN","MES",0.0041311413879157
"oil","CAN","AFR",0.00617774593047216
"oil","CAN","IDZ",0.000906537752598524
"oil","MEX","CHN",2.08204483985901
"oil","MEX","JPN",0.0130824390798807
"oil","MEX","KOR",0.0110916094854474
"oil","MEX","TWN",0.00259368983097374
"oil","MEX","IND",2.65997219085693
"oil","MEX","CAN",0.616119265556335
"oil","MEX","USA",62.9690856933594
"oil","MEX","BRA",0.000921315397135913
"oil","MEX","LAM",1.62021577216001
"oil","MEX","EUR",7.8784811766991
"oil","MEX","ROE",0.0296769878477789
"oil","MEX","ASI",0.0116678954218514
"oil","MEX","REA",0.00149305978266057
"oil","MEX","ANZ",0.0111255351439468
"oil","MEX","MES",0.00414478499442339
"oil","MEX","AFR",0.00535978889092803
"oil","MEX","IDZ",0.000854627171065658
"oil","BRA","CHN",4.36114120483398
"oil","BRA","JPN",0.00277021760120988
"oil","BRA","KOR",0.00234866980463266
"oil","BRA","TWN",0.000549228629097342
"oil","BRA","IND",1.86522972583771
"oil","BRA","CAN",0.30338516831398
"oil","BRA","USA",8.60720920562744
"oil","BRA","LAM",10.5959353511
"oil","BRA","EUR",2.15314297786199
"oil","BRA","ROE",0.0100827047308485
"oil","BRA","ASI",0.00247070228942903
"oil","BRA","REA",0.00031616652449884
"oil","BRA","ANZ",0.00205004517920315
"oil","BRA","MES",0.00087766466094763
"oil","BRA","AFR",0.00254455093408978
"oil","BRA","IDZ",0.000180969072971493
"oil","RUS","CHN",25.6521530151367
"oil","RUS","JPN",6.63137054443359
"oil","RUS","KOR",11.079008102417
"oil","RUS","TWN",0.0158469751477242
"oil","RUS","IND",0.271779239177704
"oil","RUS","CAN",0.239708349108696
"oil","RUS","USA",13.5998497009277
"oil","RUS","BRA",0.0056290808133781
"oil","RUS","LAM",1.08200566859159
"oil","RUS","EUR",174.450274350354
"oil","RUS","ROE",11.3607827280648
"oil","RUS","ASI",3.97960647405125
"oil","RUS","REA",0.00912227379740216
"oil","RUS","ANZ",1.83704605043022
"oil","RUS","MES",0.0253238417208195
"oil","RUS","AFR",0.301882096129702
"oil","RUS","IDZ",0.215662434697151
"oil","LAM","CHN",13.0322324170666
"oil","LAM","JPN",0.298831542007292
"oil","LAM","KOR",0.216262713827746
"oil","LAM","TWN",0.00619482023057571
"oil","LAM","IND",12.1442615850924
"oil","LAM","CAN",0.364449140414422
"oil","LAM","USA",91.8557903485125
"oil","LAM","BRA",0.0113816143932581
"oil","LAM","LAM",19.3810369897082
"oil","LAM","EUR",8.89473335569943
"oil","LAM","ROE",12.0457523471001
"oil","LAM","ASI",0.229702093586297
"oil","LAM","REA",0.00373860915215118
"oil","LAM","ANZ",0.0198068627432804
"oil","LAM","MES",0.0102143240900432
"oil","LAM","AFR",0.199068620131584
"oil","LAM","IDZ",0.00216403374201946
"oil","EUR","CHN",0.334733847528696
"oil","EUR","JPN",0.0599774545989931
"oil","EUR","KOR",0.463747483794577
"oil","EUR","TWN",0.00592741029686294
"oil","EUR","IND",0.0467300049494952
"oil","EUR","CAN",2.2776231940079
"oil","EUR","USA",5.64451815793291
"oil","EUR","BRA",0.00211054272949696
"oil","EUR","LAM",0.706072307405407
"oil","EUR","EUR",83.8103902343445
"oil","EUR","ROE",0.756724849150032
"oil","EUR","ASI",0.0268418938467221
"oil","EUR","REA",0.00341173767174041
"oil","EUR","ANZ",0.100293629102453
"oil","EUR","MES",0.00947099058794265
"oil","EUR","AFR",0.085077249389542
"oil","EUR","IDZ",0.00195496489322977
"oil","ROE","CHN",12.6129587712048
"oil","ROE","JPN",0.0350328782496945
"oil","ROE","KOR",0.031178042060219
"oil","ROE","TWN",0.0886566550625503
"oil","ROE","IND",1.00050737890888
"oil","ROE","CAN",2.13672858805194
"oil","ROE","USA",3.82396109627189
"oil","ROE","BRA",0.00272994764452505
"oil","ROE","LAM",1.65062369105658
"oil","ROE","EUR",63.6451113830901
"oil","ROE","ROE",10.4330431334956
"oil","ROE","ASI",0.929145663919826
"oil","ROE","REA",0.0858202045906751
"oil","ROE","ANZ",0.145958909319802
"oil","ROE","MES",10.5660790635407
"oil","ROE","AFR",0.142037229906236
"oil","ROE","IDZ",1.8785839272752
"oil","ASI","CHN",0.618435285752639
"oil","ASI","JPN",0.442944960441309
"oil","ASI","KOR",0.70388574898243
"oil","ASI","TWN",0.000287389394088677
"oil","ASI","IND",1.67743205578995
"oil","ASI","CAN",8.98234849273649E-5
"oil","ASI","USA",0.271844405791853
"oil","ASI","BRA",0.0364850481900021
"oil","ASI","LAM",0.00392170733334751
"oil","ASI","EUR",0.00723745986562108
"oil","ASI","ROE",0.00319682356160911
"oil","ASI","ASI",2.41791856956604
"oil","ASI","REA",0.000164307710804223
"oil","ASI","ANZ",3.12884151344974
"oil","ASI","MES",0.00045869305904489
"oil","ASI","AFR",0.000699235358297301
"oil","ASI","IDZ",0.0799047721490069
"oil","REA","CHN",1.99664383591153
"oil","REA","JPN",1.79756348801311
"oil","REA","KOR",2.02551779733039
"oil","REA","TWN",0.00504474516310438
"oil","REA","IND",1.56658556988987
"oil","REA","CAN",0.00187392902398642
"oil","REA","USA",0.606530228455085
"oil","REA","BRA",0.00228474653340527
"oil","REA","LAM",0.028346164138668
"oil","REA","EUR",0.132876405861339
"oil","REA","ROE",0.0624177127261305
"oil","REA","ASI",3.68840712446877
"oil","REA","REA",0.00323532048741981
"oil","REA","ANZ",4.02000156045438
"oil","REA","MES",0.00824838246370518
"oil","REA","AFR",0.0252973004046453
"oil","REA","IDZ",0.474125598574119
"oil","ANZ","CHN",2.11344895596267
"oil","ANZ","JPN",0.630212040952756
"oil","ANZ","KOR",0.959825693851599
"oil","ANZ","TWN",0.0993576780797412
"oil","ANZ","IND",0.487826956028584
"oil","ANZ","CAN",0.000236603135817859
"oil","ANZ","USA",0.280293654985144
"oil","ANZ","BRA",0.325816632317355
"oil","ANZ","LAM",0.00383199851216887
"oil","ANZ","EUR",0.00767472693223681
"oil","ANZ","ROE",0.00525723756152274
"oil","ANZ","ASI",1.77243567888024
"oil","ANZ","REA",0.000250940852311032
"oil","ANZ","ANZ",1.22414917847982
"oil","ANZ","MES",0.000439558197967926
"oil","ANZ","AFR",0.00166409444659621
"oil","ANZ","IDZ",0.470475586163957
"oil","MES","CHN",111.915772438049
"oil","MES","JPN",148.149340629578
"oil","MES","KOR",106.114584445953
"oil","MES","TWN",35.5218377038836
"oil","MES","IND",112.7712033391
"oil","MES","CAN",3.70505508244969
"oil","MES","USA",113.744643859565
"oil","MES","BRA",3.58644556679064
"oil","MES","LAM",1.46680809407007
"oil","MES","EUR",108.248723007748
"oil","MES","ROE",10.0743494668677
"oil","MES","ASI",86.4530969515909
"oil","MES","REA",9.37277043805443
"oil","MES","ANZ",3.62124196584227
"oil","MES","MES",6.66354576032609
"oil","MES","AFR",22.471959538685
"oil","MES","IDZ",5.25023577961838
"oil","AFR","CHN",63.0641143440153
"oil","AFR","JPN",4.42447226151853
"oil","AFR","KOR",1.28948974201921
"oil","AFR","TWN",4.15197774195985
"oil","AFR","IND",34.4383475868381
"oil","AFR","CAN",4.72914794391181
"oil","AFR","USA",104.502187160193
"oil","AFR","BRA",8.28743644380847
"oil","AFR","LAM",5.57575643490526
"oil","AFR","EUR",77.4472485908911
"oil","AFR","ROE",1.29426308020152
"oil","AFR","ASI",1.80343178131648
"oil","AFR","REA",0.0599185024128133
"oil","AFR","ANZ",3.23214374018647
"oil","AFR","MES",0.146841186293614
"oil","AFR","AFR",9.02906959378828
"oil","AFR","IDZ",1.58672182962437
"oil","IDZ","CHN",0.57017058134079
"oil","IDZ","JPN",3.87753629684448
"oil","IDZ","KOR",2.12673783302307
"oil","IDZ","TWN",0.17361769080162
"oil","IDZ","IND",0.00408833520486951
"oil","IDZ","CAN",0.000162084950716235
"oil","IDZ","USA",0.757999241352081
"oil","IDZ","BRA",0.0224677678197622
"oil","IDZ","LAM",0.00971690421079074
"oil","IDZ","EUR",0.0130489154041697
"oil","IDZ","ROE",0.00576902324519324
"oil","IDZ","ASI",1.0481127621606
"oil","IDZ","REA",0.000298525983453146
"oil","IDZ","ANZ",3.16459461705381
"oil","IDZ","MES",0.000828706364700338
"oil","IDZ","AFR",0.00144004970434253
"gas","CHN","CHN",0.34697350859642
"gas","CHN","JPN",0.0194247141480446
"gas","CHN","KOR",0.0115717630833387
"gas","CHN","TWN",0.0119273075833917
"gas","CHN","IND",0.00176831404678524
"gas","CHN","CAN",0.00396230211481452
"gas","CHN","USA",0.0531903356313705
"gas","CHN","MEX",0.000798855850007385
"gas","CHN","BRA",0.00175736623350531
"gas","CHN","RUS",0.279052674770355
"gas","CHN","LAM",0.0316891620241222
"gas","CHN","EUR",0.307396080261242
"gas","CHN","ROE",0.0298896464751124
"gas","CHN","ASI",0.45447688139393
"gas","CHN","REA",0.000790784750279272
"gas","CHN","ANZ",0.0935112733748156
"gas","CHN","MES",0.309600841079373
"gas","CHN","AFR",0.0235531086145784
"gas","CAN","CHN",0.357354760169983
"gas","CAN","JPN",0.0293577406555414
"gas","CAN","KOR",0.0174146704375744
"gas","CAN","TWN",0.0244022272527218
"gas","CAN","IND",0.00588559941388667
"gas","CAN","USA",68.488198980689
"gas","CAN","MEX",0.00698816729709506
"gas","CAN","BRA",0.0041589371394366
"gas","CAN","RUS",0.0653792954981327
"gas","CAN","LAM",0.412460278337676
"gas","CAN","EUR",0.779614593272072
"gas","CAN","ROE",0.174467680115413
"gas","CAN","ASI",0.516520196164493
"gas","CAN","REA",0.000653621726087295
"gas","CAN","ANZ",0.129662961473514
"gas","CAN","MES",0.566069383465219
"gas","CAN","AFR",0.0897558059386938
"gas","USA","CHN",0.42393510806869
"gas","USA","JPN",0.684482380747795
"gas","USA","KOR",0.232402190566063
"gas","USA","TWN",0.0733972618272674
"gas","USA","IND",0.627168856561184
"gas","USA","CAN",13.4592371284962
"gas","USA","MEX",11.5166337490082
"gas","USA","BRA",0.314640221185982
"gas","USA","RUS",0.591248561060638
"gas","USA","LAM",0.587201203826226
"gas","USA","EUR",3.46323070299968
"gas","USA","ROE",0.302966245381867
"gas","USA","ASI",1.47591055611701
"gas","USA","REA",0.00656337811960839
"gas","USA","ANZ",0.879473160617636
"gas","USA","MES",1.97221907735184
"gas","USA","AFR",0.254755644407851
"gas","MEX","CHN",0.0122513155511115
"gas","MEX","JPN",6.3781211792957E-5
"gas","MEX","KOR",0.000404238147893921
"gas","MEX","TWN",0.000801983871497214
"gas","MEX","IND",6.47178894723766E-5
"gas","MEX","CAN",0.00014068023301661
"gas","MEX","USA",0.0212017763406038
"gas","MEX","BRA",6.32529408903793E-5
"gas","MEX","RUS",0.00176646944601089
"gas","MEX","LAM",0.00337402845411816
"gas","MEX","EUR",0.0094844404950436
"gas","MEX","ROE",0.00183710489181976
"gas","MEX","ASI",0.0161239294320694
"gas","MEX","REA",7.20594093763793E-5
"gas","MEX","ANZ",0.00326458022027509
"gas","MEX","MES",0.0218179651310493
"gas","MEX","AFR",0.00227840692650716
"gas","RUS","CHN",0.420522108674049
"gas","RUS","JPN",22.8806278798729
"gas","RUS","KOR",4.40915180312004
"gas","RUS","TWN",0.135146040469408
"gas","RUS","IND",0.0452400771901011
"gas","RUS","CAN",0.0468393838964403
"gas","RUS","USA",0.405552979558706
"gas","RUS","MEX",0.0671154968440533
"gas","RUS","BRA",0.0312764551490545
"gas","RUS","LAM",0.373816601939325
"gas","RUS","EUR",85.0401599341858
"gas","RUS","ROE",44.5914005439236
"gas","RUS","ASI",0.962222291622311
"gas","RUS","REA",0.00228966407303233
"gas","RUS","ANZ",0.184993859835231
"gas","RUS","MES",2.64045503584202
"gas","RUS","AFR",0.533489433715658
"gas","LAM","CHN",0.319563819789664
"gas","LAM","JPN",1.21220869690706
"gas","LAM","KOR",2.7369896315671
"gas","LAM","TWN",0.18802302119775
"gas","LAM","IND",0.66666793826289
"gas","LAM","CAN",0.351490009681243
"gas","LAM","USA",4.15462997179384
"gas","LAM","MEX",0.555769206012883
"gas","LAM","BRA",8.45395439775234
"gas","LAM","RUS",0.154866484723243
"gas","LAM","LAM",6.48112669343936
"gas","LAM","EUR",5.637298582997
"gas","LAM","ROE",0.916200047874099
"gas","LAM","ASI",0.613314735239555
"gas","LAM","REA",0.000647241546516852
"gas","LAM","ANZ",0.0597268408067748
"gas","LAM","MES",0.429796517382783
"gas","LAM","AFR",0.0514808292469979
"gas","EUR","CHN",0.1480498267033
"gas","EUR","JPN",0.182440657035386
"gas","EUR","KOR",0.145620253832931
"gas","EUR","TWN",0.0434486220490271
"gas","EUR","IND",0.103797263383967
"gas","EUR","CAN",0.0208790341897611
"gas","EUR","USA",0.398915945993849
"gas","EUR","MEX",0.0171755798637605
"gas","EUR","BRA",0.0858763980490949
"gas","EUR","RUS",0.619568957357842
"gas","EUR","LAM",0.354607503529792
"gas","EUR","EUR",114.327627422972
"gas","EUR","ROE",0.519474960235584
"gas","EUR","ASI",0.517287834626131
"gas","EUR","REA",0.00382358119827586
"gas","EUR","ANZ",0.248460542837392
"gas","EUR","MES",1.06519894062171
"gas","EUR","AFR",0.252936005414426
"gas","ROE","CHN",22.5019799369409
"gas","ROE","JPN",0.279171500064649
"gas","ROE","KOR",0.0890879112207585
"gas","ROE","TWN",0.140365906670468
"gas","ROE","IND",0.0636551239113032
"gas","ROE","CAN",0.0604548161854837
"gas","ROE","USA",0.446768392718468
"gas","ROE","MEX",0.0918170901913982
"gas","ROE","BRA",0.0412035892582026
"gas","ROE","RUS",0.667401535319868
"gas","ROE","LAM",0.421921986304824
"gas","ROE","EUR",7.6537882048101
"gas","ROE","ROE",17.3458316936202
"gas","ROE","ASI",1.01523056666588
"gas","ROE","REA",0.0124640472574811
"gas","ROE","ANZ",0.22276726016662
"gas","ROE","MES",2.50899839936073
"gas","ROE","AFR",0.636154030718217
"gas","ASI","CHN",0.285234173963545
"gas","ASI","JPN",13.7240760156419
"gas","ASI","KOR",1.93022032384761
"gas","ASI","TWN",6.20696258571843
"gas","ASI","IND",0.128256597978179
"gas","ASI","CAN",0.00948274781694636
"gas","ASI","USA",0.0519683856982738
"gas","ASI","MEX",0.00659362989244983
"gas","ASI","BRA",0.00375436714966781
"gas","ASI","RUS",0.182945811189711
"gas","ASI","LAM",0.040509782348181
"gas","ASI","EUR",0.909861898359623
"gas","ASI","ROE",0.0645736758431212
"gas","ASI","ASI",0.187031696543272
"gas","ASI","REA",0.000575887515424256
"gas","ASI","ANZ",0.0700178649758527
"gas","ASI","MES",0.682478889870254
"gas","ASI","AFR",0.0387475112889888
"gas","REA","CHN",0.178458491295714
"gas","REA","JPN",6.84513980923816
"gas","REA","KOR",0.910575613256015
"gas","REA","TWN",0.0154814380748576
"gas","REA","IND",0.0120792897596402
"gas","REA","CAN",0.0203587148992028
"gas","REA","USA",0.125474216432849
"gas","REA","MEX",0.0175031446829053
"gas","REA","BRA",0.010327340126878
"gas","REA","RUS",0.371825742637157
"gas","REA","LAM",0.101278153433213
"gas","REA","EUR",1.95080840443245
"gas","REA","ROE",0.225961392603494
"gas","REA","ASI",8.51936002211141
"gas","REA","REA",0.000405020786047317
"gas","REA","ANZ",0.141027350444574
"gas","REA","MES",0.337303713942219
"gas","REA","AFR",0.105517132031991
"gas","ANZ","CHN",0.614560290773625
"gas","ANZ","JPN",16.6242063450991
"gas","ANZ","KOR",0.627810541150211
"gas","ANZ","TWN",0.458193320938335
"gas","ANZ","IND",0.0626594204150024
"gas","ANZ","CAN",0.0647463904988399
"gas","ANZ","USA",0.123296620280598
"gas","ANZ","MEX",0.056308692636776
"gas","ANZ","BRA",0.0112688681456348
"gas","ANZ","RUS",0.197098238250192
"gas","ANZ","LAM",0.0945504489307041
"gas","ANZ","EUR",1.10047226721167
"gas","ANZ","ROE",0.180649044570373
"gas","ANZ","ASI",0.505948948678224
"gas","ANZ","REA",0.000361125652943883
"gas","ANZ","ANZ",0.0873966783522064
"gas","ANZ","MES",0.352557789959974
"gas","ANZ","AFR",0.0838517290676464
"gas","MES","CHN",1.86004663158815
"gas","MES","JPN",28.5162246363266
"gas","MES","KOR",18.5076419266697
"gas","MES","TWN",3.84746891519217
"gas","MES","IND",12.88836719919
"gas","MES","CAN",1.22975470890015
"gas","MES","USA",4.6945760310864
"gas","MES","MEX",1.87755506045949
"gas","MES","BRA",0.573674732210293
"gas","MES","RUS",1.58640828298121
"gas","MES","LAM",3.32105509733026
"gas","MES","EUR",50.278965261938
"gas","MES","ROE",10.1661265254967
"gas","MES","ASI",3.09427632658071
"gas","MES","REA",0.00561595070917065
"gas","MES","ANZ",0.600339066660695
"gas","MES","MES",16.5366659487674
"gas","MES","AFR",0.698736738615594
"gas","AFR","CHN",0.238924504743295
"gas","AFR","JPN",3.17389744659954
"gas","AFR","KOR",1.01488326643084
"gas","AFR","TWN",2.81669011337999
"gas","AFR","IND",2.10431797924866
"gas","AFR","CAN",0.0221416179906555
"gas","AFR","USA",5.98336052871127
"gas","AFR","MEX",1.81334608359566
"gas","AFR","BRA",0.0128493327458727
"gas","AFR","RUS",0.329113496054106
"gas","AFR","LAM",0.878173720093741
"gas","AFR","EUR",48.8907490006148
"gas","AFR","ROE",24.2285779045928
"gas","AFR","ASI",0.397349458085046
"gas","AFR","REA",0.000462358609183866
"gas","AFR","ANZ",0.121987997481597
"gas","AFR","MES",1.47739485209104
"gas","AFR","AFR",3.39028049251033
"gas","IDZ","CHN",0.316476587600846
"gas","IDZ","JPN",18.0393982757814
"gas","IDZ","KOR",11.2670837293845
"gas","IDZ","TWN",0.0113152407070629
"gas","IDZ","IND",0.00451653959726173
"gas","IDZ","CAN",0.00559849082515029
"gas","IDZ","USA",0.0727694313973188
"gas","IDZ","MEX",0.270685851108283
"gas","IDZ","BRA",0.0029431732040166
"gas","IDZ","RUS",0.0762920221313834
"gas","IDZ","LAM",0.0329564349558495
"gas","IDZ","EUR",0.583754989821045
"gas","IDZ","ROE",0.131660238554105
"gas","IDZ","ASI",2.26168035651426
"gas","IDZ","REA",0.00022310237181955
"gas","IDZ","ANZ",0.891996061138343
"gas","IDZ","MES",0.220679044763529
"gas","IDZ","AFR",0.04636288828533
"p_c","CHN","CHN",1.63535308837891
"p_c","CHN","JPN",2.26208066940308
"p_c","CHN","KOR",3.08702206611633
"p_c","CHN","TWN",0.623453378677368
"p_c","CHN","IND",2.1365921497345
"p_c","CHN","CAN",0.080520436167717
"p_c","CHN","USA",1.32749760150909
"p_c","CHN","MEX",0.164027035236359
"p_c","CHN","BRA",1.42433762550354
"p_c","CHN","RUS",1.13064110279083
"p_c","CHN","LAM",0.570373764217948
"p_c","CHN","EUR",3.68435382105235
"p_c","CHN","ROE",1.03239335725084
"p_c","CHN","ASI",8.51118361949921
"p_c","CHN","REA",9.21038273780141
"p_c","CHN","ANZ",1.34480292221997
"p_c","CHN","MES",0.600390280596912
"p_c","CHN","AFR",2.3134203718364
"p_c","CHN","IDZ",3.36085343360901
"p_c","JPN","CHN",4.29706248641014
"p_c","JPN","KOR",2.13791871070862
"p_c","JPN","TWN",0.512275993824005
"p_c","JPN","IND",0.269768446683884
"p_c","JPN","CAN",0.0568003170192242
"p_c","JPN","USA",1.08165168762207
"p_c","JPN","MEX",0.0754189863801003
"p_c","JPN","BRA",0.0968492776155472
"p_c","JPN","RUS",0.155034810304642
"p_c","JPN","LAM",0.831295768837663
"p_c","JPN","EUR",2.26064848697206
"p_c","JPN","ROE",0.0353877315792488
"p_c","JPN","ASI",1.79408442974091
"p_c","JPN","REA",0.18673383220721
"p_c","JPN","ANZ",4.80683843104634
"p_c","JPN","MES",0.180136620940175
"p_c","JPN","AFR",0.189381361211417
"p_c","JPN","IDZ",0.356963932514191
"p_c","KOR","CHN",18.0512571334839
"p_c","KOR","JPN",8.98980045318604
"p_c","KOR","TWN",0.230490326881409
"p_c","KOR","IND",0.677857756614685
"p_c","KOR","CAN",0.0402264893054962
"p_c","KOR","USA",2.84070372581482
"p_c","KOR","MEX",0.0419723764061928
"p_c","KOR","BRA",1.4455394744873
"p_c","KOR","RUS",0.228613197803497
"p_c","KOR","LAM",1.15734840167352
"p_c","KOR","EUR",2.77782919399033
"p_c","KOR","ROE",0.322278179068235
"p_c","KOR","ASI",2.31913784146309
"p_c","KOR","REA",1.91118669314892
"p_c","KOR","ANZ",2.70215168876166
"p_c","KOR","MES",0.168863955288543
"p_c","KOR","AFR",0.994075597300252
"p_c","KOR","IDZ",9.33811473846436
"p_c","TWN","CHN",2.68445998430252
"p_c","TWN","JPN",0.430664271116257
"p_c","TWN","KOR",0.0883799940347672
"p_c","TWN","IND",0.368522465229034
"p_c","TWN","CAN",0.00223264144733548
"p_c","TWN","USA",1.00965094566345
"p_c","TWN","MEX",0.0379271246492863
"p_c","TWN","BRA",0.215885728597641
"p_c","TWN","RUS",0.00444898055866361
"p_c","TWN","LAM",0.0407757291818598
"p_c","TWN","EUR",0.818853314514854
"p_c","TWN","ROE",0.00499339443194913
"p_c","TWN","ASI",2.8406243249774
"p_c","TWN","REA",2.21704933134424
"p_c","TWN","ANZ",1.10814547011341
"p_c","TWN","MES",0.0473929212348594
"p_c","TWN","AFR",0.226019744340192
"p_c","TWN","IDZ",0.866758465766907
"p_c","IND","CHN",0.323876440525055
"p_c","IND","JPN",3.21800446510315
"p_c","IND","KOR",2.24391746520996
"p_c","IND","TWN",1.6493958234787
"p_c","IND","CAN",0.120273388922215
"p_c","IND","USA",5.40627241134644
"p_c","IND","MEX",0.00484540499746799
"p_c","IND","BRA",5.60558700561523
"p_c","IND","RUS",0.0362811461091042
"p_c","IND","LAM",1.4070489591013
"p_c","IND","EUR",14.8987524633521
"p_c","IND","ROE",5.22975521304761
"p_c","IND","ASI",3.74881340609863
"p_c","IND","REA",3.76998674077004
"p_c","IND","ANZ",0.228305700577039
"p_c","IND","MES",8.46695460169576
"p_c","IND","AFR",7.03075932810316
"p_c","IND","IDZ",0.696314811706543
"p_c","CAN","CHN",0.148575530387461
"p_c","CAN","JPN",0.0691728293895721
"p_c","CAN","KOR",0.0166060291230679
"p_c","CAN","TWN",0.00580940814688802
"p_c","CAN","IND",0.00251571950502694
"p_c","CAN","USA",15.323769569397
"p_c","CAN","MEX",0.0295530520379543
"p_c","CAN","BRA",0.0139887453988194
"p_c","CAN","RUS",0.0220789574086666
"p_c","CAN","LAM",0.43767538883003
"p_c","CAN","EUR",0.817413821134323
"p_c","CAN","ROE",0.0728061977060861
"p_c","CAN","ASI",0.017700917320326
"p_c","CAN","REA",0.00709562076212933
"p_c","CAN","ANZ",0.0118108068490983
"p_c","CAN","MES",0.031412706051924
"p_c","CAN","AFR",0.123849901170615
"p_c","CAN","IDZ",0.00478028319776058
"p_c","USA","CHN",2.84582349658012
"p_c","USA","JPN",1.9820990562439
"p_c","USA","KOR",0.581747889518738
"p_c","USA","TWN",0.255857318639755
"p_c","USA","IND",0.873476684093475
"p_c","USA","CAN",15.4912061691284
"p_c","USA","MEX",25.7453765869141
"p_c","USA","BRA",8.89124393463135
"p_c","USA","RUS",0.286871582269669
"p_c","USA","LAM",30.8950018421747
"p_c","USA","EUR",41.6565228690743
"p_c","USA","ROE",3.94591625686735
"p_c","USA","ASI",1.68487093038857
"p_c","USA","REA",0.180531442892971
"p_c","USA","ANZ",1.3370375346276
"p_c","USA","MES",6.16205869382247
"p_c","USA","AFR",10.4256366098125
"p_c","USA","IDZ",0.337464988231659
"p_c","MEX","CHN",0.026278649456799
"p_c","MEX","JPN",0.00235147913917899
"p_c","MEX","KOR",0.0486051179468632
"p_c","MEX","TWN",0.00371315563097596
"p_c","MEX","IND",0.000891081232111901
"p_c","MEX","CAN",0.00184506829828024
"p_c","MEX","USA",8.04081630706787
"p_c","MEX","BRA",0.0038264796603471
"p_c","MEX","RUS",0.00193942640908062
"p_c","MEX","LAM",0.552586144134693
"p_c","MEX","EUR",0.120644374303993
"p_c","MEX","ROE",0.00932663253479404
"p_c","MEX","ASI",0.00851800726377405
"p_c","MEX","REA",0.00527297961025397
"p_c","MEX","ANZ",0.0060907435399713
"p_c","MEX","MES",0.0218890534815728
"p_c","MEX","AFR",0.0968853202502942
"p_c","MEX","IDZ",0.00358527456410229
"p_c","BRA","CHN",0.0576686505228281
"p_c","BRA","JPN",0.00639793230220675
"p_c","BRA","KOR",0.093879833817482
"p_c","BRA","TWN",0.0169109757989645
"p_c","BRA","IND",0.0087025985121727
"p_c","BRA","CAN",0.0503781773149967
"p_c","BRA","USA",4.39850902557373
"p_c","BRA","MEX",0.00221437634900212
"p_c","BRA","RUS",0.00552790611982346
"p_c","BRA","LAM",4.07387845766061
"p_c","BRA","EUR",0.507520334374931
"p_c","BRA","ROE",0.0156630076380679
"p_c","BRA","ASI",0.46573011460714
"p_c","BRA","REA",0.00927628532917879
"p_c","BRA","ANZ",0.0127765193028608
"p_c","BRA","MES",0.0726455692893069
"p_c","BRA","AFR",0.264579238496481
"p_c","BRA","IDZ",0.00560115370899439
"p_c","RUS","CHN",6.002008497715
"p_c","RUS","JPN",1.75256872177124
"p_c","RUS","KOR",0.596814632415771
"p_c","RUS","TWN",0.0406927093863487
"p_c","RUS","IND",0.0729939714074135
"p_c","RUS","CAN",0.0921115502715111
"p_c","RUS","USA",18.4463539123535
"p_c","RUS","MEX",0.0205834712833166
"p_c","RUS","BRA",0.322403401136398
"p_c","RUS","LAM",0.602690476669522
"p_c","RUS","EUR",66.0320737489965
"p_c","RUS","ROE",7.10065438132733
"p_c","RUS","ASI",0.347546905046329
"p_c","RUS","REA",1.3795899828765
"p_c","RUS","ANZ",0.0117860428726999
"p_c","RUS","MES",2.99361879403114
"p_c","RUS","AFR",2.99771287469594
"p_c","RUS","IDZ",0.0724600851535797
"p_c","LAM","CHN",8.73398057079248
"p_c","LAM","JPN",0.243346313371148
"p_c","LAM","KOR",0.143813920385583
"p_c","LAM","TWN",0.0164589804849129
"p_c","LAM","IND",0.13656831787921
"p_c","LAM","CAN",1.54094516495388
"p_c","LAM","USA",24.354240135377
"p_c","LAM","MEX",0.858989959895553
"p_c","LAM","BRA",4.85946943252202
"p_c","LAM","RUS",0.0469291356275789
"p_c","LAM","LAM",14.896206226249
"p_c","LAM","EUR",7.52186275931166
"p_c","LAM","ROE",0.44552552093279
"p_c","LAM","ASI",1.12698931206933
"p_c","LAM","REA",0.0819331552089011
"p_c","LAM","ANZ",0.058547411598397
"p_c","LAM","MES",0.419918960048562
"p_c","LAM","AFR",2.17305849839283
"p_c","LAM","IDZ",0.0387188291861094
"p_c","EUR","CHN",1.0277054514263
"p_c","EUR","JPN",0.478213075763051
"p_c","EUR","KOR",0.163052462485211
"p_c","EUR","TWN",0.17511982337237
"p_c","EUR","IND",0.267153248074464
"p_c","EUR","CAN",2.38842610313372
"p_c","EUR","USA",21.216574256192
"p_c","EUR","MEX",1.20728722344734
"p_c","EUR","BRA",1.10257572498085
"p_c","EUR","RUS",1.96822071997349
"p_c","EUR","LAM",2.04260044007248
"p_c","EUR","EUR",168.911111502745
"p_c","EUR","ROE",11.3375228013678
"p_c","EUR","ASI",1.33337812354137
"p_c","EUR","REA",0.531778483569951
"p_c","EUR","ANZ",0.201134720409073
"p_c","EUR","MES",7.91672047751285
"p_c","EUR","AFR",19.4981117838306
"p_c","EUR","IDZ",0.139765129460443
"p_c","ROE","CHN",1.12956428064172
"p_c","ROE","JPN",0.0203556593842222
"p_c","ROE","KOR",0.0756102354253017
"p_c","ROE","TWN",0.00561485218509006
"p_c","ROE","IND",0.0728594124320807
"p_c","ROE","CAN",0.0434164399057408
"p_c","ROE","USA",1.51021450068947
"p_c","ROE","MEX",0.00560186546636032
"p_c","ROE","BRA",0.298637497145137
"p_c","ROE","RUS",3.11199842835413
"p_c","ROE","LAM",0.109869458996911
"p_c","ROE","EUR",14.5076265337604
"p_c","ROE","ROE",9.66629259801698
"p_c","ROE","ASI",0.215867581649889
"p_c","ROE","REA",0.625493891378028
"p_c","ROE","ANZ",0.0215289618189445
"p_c","ROE","MES",1.76195821266032
"p_c","ROE","AFR",1.99441050103502
"p_c","ROE","IDZ",0.010228899527192
"p_c","ASI","CHN",13.7053158655763
"p_c","ASI","JPN",2.26743713207543
"p_c","ASI","KOR",0.430505629628897
"p_c","ASI","TWN",1.02296985313296
"p_c","ASI","IND",1.51401433977298
"p_c","ASI","CAN",0.0546848172089085
"p_c","ASI","USA",0.933270413428545
"p_c","ASI","MEX",0.101502786914352
"p_c","ASI","BRA",0.0715814741561189
"p_c","ASI","RUS",0.0905466317199171
"p_c","ASI","LAM",0.229252260520525
"p_c","ASI","EUR",2.68464391009184
"p_c","ASI","ROE",0.0824137783874903
"p_c","ASI","ASI",16.3233519624919
"p_c","ASI","REA",7.79191547757739
"p_c","ASI","ANZ",9.06118052067109
"p_c","ASI","MES",0.495439431777413
"p_c","ASI","AFR",0.822457147367913
"p_c","ASI","IDZ",11.7721866443753
"p_c","REA","CHN",0.0894014365912881
"p_c","REA","JPN",0.125900927465409
"p_c","REA","KOR",0.187288929322676
"p_c","REA","TWN",0.11918485636852
"p_c","REA","IND",0.37026350578526
"p_c","REA","CAN",0.0118497733747063
"p_c","REA","USA",0.102145520504564
"p_c","REA","MEX",0.00388094667505356
"p_c","REA","BRA",0.00824885819019983
"p_c","REA","RUS",0.0238689303951105
"p_c","REA","LAM",0.020244955756425
"p_c","REA","EUR",0.450967891614596
"p_c","REA","ROE",0.0208775820827896
"p_c","REA","ASI",0.144803276629773
"p_c","REA","REA",0.731124194535028
"p_c","REA","ANZ",0.0411297883671295
"p_c","REA","MES",0.0969536001070992
"p_c","REA","AFR",0.0727401761261603
"p_c","REA","IDZ",0.04863844186184
"p_c","ANZ","CHN",1.00922683953013
"p_c","ANZ","JPN",1.95406044615083
"p_c","ANZ","KOR",0.466887316573775
"p_c","ANZ","TWN",0.105324454403672
"p_c","ANZ","IND",0.0879497914720559
"p_c","ANZ","CAN",0.0168862642240128
"p_c","ANZ","USA",0.218580582004506
"p_c","ANZ","MEX",0.00990523698055767
"p_c","ANZ","BRA",0.0418979943060549
"p_c","ANZ","RUS",0.00617240274732467
"p_c","ANZ","LAM",0.0535981052477723
"p_c","ANZ","EUR",0.639509237331538
"p_c","ANZ","ROE",0.0347453446555619
"p_c","ANZ","ASI",0.574619793188049
"p_c","ANZ","REA",0.065704973268339
"p_c","ANZ","ANZ",0.774872489344943
"p_c","ANZ","MES",0.0782445086257439
"p_c","ANZ","AFR",0.11441124843418
"p_c","ANZ","IDZ",0.0162487178749871
"p_c","MES","CHN",11.5486373383028
"p_c","MES","JPN",30.6125898007303
"p_c","MES","KOR",14.4989732367685
"p_c","MES","TWN",8.3320349712958
"p_c","MES","IND",9.42166521237232
"p_c","MES","CAN",0.265647000065655
"p_c","MES","USA",3.57455619145185
"p_c","MES","MEX",0.72346824361739
"p_c","MES","BRA",0.883435582538368
"p_c","MES","RUS",0.146200203482294
"p_c","MES","LAM",0.494380413969907
"p_c","MES","EUR",27.112405043394
"p_c","MES","ROE",2.11283669921659
"p_c","MES","ASI",9.59461821840523
"p_c","MES","REA",13.6207808635167
"p_c","MES","ANZ",1.05495281349158
"p_c","MES","MES",19.5731041675594
"p_c","MES","AFR",15.6892725094117
"p_c","MES","IDZ",7.49937044235412
"p_c","AFR","CHN",0.386077379431299
"p_c","AFR","JPN",0.474063428671798
"p_c","AFR","KOR",0.15859041605745
"p_c","AFR","TWN",0.0302637644936112
"p_c","AFR","IND",0.118495207900651
"p_c","AFR","CAN",0.0292755276277603
"p_c","AFR","USA",6.7700863422084
"p_c","AFR","MEX",0.139376932315827
"p_c","AFR","BRA",2.91648144471219
"p_c","AFR","RUS",0.0402446832977148
"p_c","AFR","LAM",0.269286214051931
"p_c","AFR","EUR",11.5223573394189
"p_c","AFR","ROE",2.16896204891231
"p_c","AFR","ASI",0.405176716402252
"p_c","AFR","REA",0.0291506639262593
"p_c","AFR","ANZ",0.100440016803418
"p_c","AFR","MES",0.655498097282702
"p_c","AFR","AFR",7.88233367931832
"p_c","AFR","IDZ",0.0189050399276312
"p_c","IDZ","CHN",0.370675593614578
"p_c","IDZ","JPN",0.898318827152252
"p_c","IDZ","KOR",0.230118632316589
"p_c","IDZ","TWN",0.211874231696129
"p_c","IDZ","IND",0.036043394356966
"p_c","IDZ","CAN",0.0013998820213601
"p_c","IDZ","USA",0.0614804811775684
"p_c","IDZ","MEX",0.000374355091480538
"p_c","IDZ","BRA",0.00422843685373664
"p_c","IDZ","RUS",0.00290672178380191
"p_c","IDZ","LAM",0.00244278278216825
"p_c","IDZ","EUR",0.0669566350934474
"p_c","IDZ","ROE",0.00746151938801631
"p_c","IDZ","ASI",1.10581077483948
"p_c","IDZ","REA",0.00958761245874484
"p_c","IDZ","ANZ",0.170101366016752
"p_c","IDZ","MES",0.00880753174351412
"p_c","IDZ","AFR",0.158407789978583
"ely","CHN","CHN",0.333208035677671
"ely","CHN","IND",0.0308060022071004
"ely","CHN","CAN",0.0570203419774771
"ely","CHN","USA",0.122403725981712
"ely","CHN","MEX",0.00105585822893772
"ely","CHN","BRA",0.139919385313988
"ely","CHN","RUS",0.0161105091683567
"ely","CHN","LAM",0.0133352712367696
"ely","CHN","EUR",0.362065602488144
"ely","CHN","ROE",0.121753899607029
"ely","CHN","ASI",0.0742214284837246
"ely","CHN","REA",0.429346546515717
"ely","CHN","ANZ",0.011122708376206
"ely","CHN","MES",0.0755122099944856
"ely","CHN","AFR",0.0736203468607073
"ely","IND","CHN",0.00331064721103758
"ely","IND","CAN",0.00033327637356706
"ely","IND","USA",0.0015840872656554
"ely","IND","MEX",6.08042546446086E-6
"ely","IND","BRA",0.000791977799963206
"ely","IND","RUS",5.25782379554585E-5
"ely","IND","LAM",0.000112009589486206
"ely","IND","EUR",0.00275983939081925
"ely","IND","ROE",0.000993334228894582
"ely","IND","ASI",0.000605685727350647
"ely","IND","REA",0.000197136045017032
"ely","IND","ANZ",0.000110014897643396
"ely","IND","MES",0.000654620542263729
"ely","IND","AFR",0.000533077642842272
"ely","CAN","CHN",0.170945726335049
"ely","CAN","IND",0.0103881079703569
"ely","CAN","USA",3.60648846626282
"ely","CAN","MEX",0.000347768451320007
"ely","CAN","BRA",0.0772898495197296
"ely","CAN","RUS",0.000670684094075114
"ely","CAN","LAM",0.0160749752587321
"ely","CAN","EUR",0.165466858684454
"ely","CAN","ROE",0.0893909691585577
"ely","CAN","ASI",0.0555958529002964
"ely","CAN","REA",0.0180436193186324
"ely","CAN","ANZ",0.0261331572028212
"ely","CAN","MES",0.0432524884818122
"ely","CAN","AFR",0.0491259774971695
"ely","USA","CHN",0.0418149288743734
"ely","USA","IND",0.070085845887661
"ely","USA","CAN",0.633870840072632
"ely","USA","MEX",0.0177288353443146
"ely","USA","BRA",0.065775066614151
"ely","USA","RUS",0.00237416662275791
"ely","USA","LAM",0.00770692950203511
"ely","USA","EUR",0.246208471797672
"ely","USA","ROE",0.057355121429282
"ely","USA","ASI",0.0434859972447157
"ely","USA","REA",0.0123203612083671
"ely","USA","ANZ",0.00587739714501367
"ely","USA","MES",0.0356510437559336
"ely","USA","AFR",0.0445436053055346
"ely","MEX","CHN",0.00501419196370989
"ely","MEX","IND",0.000280365609796718
"ely","MEX","CAN",0.000523046415764838
"ely","MEX","USA",0.0488882958889008
"ely","MEX","BRA",0.00141101470217109
"ely","MEX","RUS",3.18393467750866E-5
"ely","MEX","LAM",0.030631337485147
"ely","MEX","EUR",0.00435181594502865
"ely","MEX","ROE",0.00278929177966347
"ely","MEX","ASI",0.00210520761902444
"ely","MEX","REA",0.000623658837469065
"ely","MEX","ANZ",0.000542472679057937
"ely","MEX","MES",0.00179953975020908
"ely","MEX","AFR",0.00147310539637147
"ely","BRA","CHN",0.0323193874210119
"ely","BRA","IND",0.00179072178434581
"ely","BRA","CAN",0.00332143832929432
"ely","BRA","USA",0.0206038057804108
"ely","BRA","MEX",6.15779426880181E-5
"ely","BRA","RUS",0.000294798519462347
"ely","BRA","LAM",0.0241652489712578
"ely","BRA","EUR",0.0599200901806398
"ely","BRA","ROE",0.0258378788021218
"ely","BRA","ASI",0.0073675820895005
"ely","BRA","REA",0.00401448486263689
"ely","BRA","ANZ",0.00153582842358446
"ely","BRA","MES",0.0180729908461217
"ely","BRA","AFR",0.00723671690650463
"ely","RUS","CHN",0.115260633872822
"ely","RUS","IND",0.00255028204992414
"ely","RUS","CAN",0.00839795079082251
"ely","RUS","USA",0.0252497121691704
"ely","RUS","MEX",0.000260191940469667
"ely","RUS","BRA",0.0484107211232185
"ely","RUS","LAM",0.00361487361260515
"ely","RUS","EUR",1.68785731769731
"ely","RUS","ROE",0.0878067420999287
"ely","RUS","ASI",0.0207683390472084
"ely","RUS","REA",0.0269533223081453
"ely","RUS","ANZ",0.00331013933737268
"ely","RUS","MES",0.0234960533562116
"ely","RUS","AFR",0.0233959978543226
"ely","LAM","CHN",0.089609882890727
"ely","LAM","IND",0.036013609865222
"ely","LAM","CAN",0.0788689253636221
"ely","LAM","USA",0.0663190647765077
"ely","LAM","MEX",0.00202364471738292
"ely","LAM","BRA",0.847063677853839
"ely","LAM","RUS",0.00323276105780224
"ely","LAM","LAM",1.09112192603834
"ely","LAM","EUR",0.780697440339054
"ely","LAM","ROE",0.63682568495193
"ely","LAM","ASI",0.13447356942595
"ely","LAM","REA",0.0943888615044557
"ely","LAM","ANZ",0.0269999365184503
"ely","LAM","MES",0.0665073472284803
"ely","LAM","AFR",0.301211337537609
"ely","EUR","CHN",0.224566639198997
"ely","EUR","IND",0.132596028695843
"ely","EUR","CAN",0.190467061388517
"ely","EUR","USA",0.262766553188044
"ely","EUR","MEX",0.0149590602704279
"ely","EUR","BRA",1.10299043764826
"ely","EUR","RUS",0.0696229821724046
"ely","EUR","LAM",0.0638194501190696
"ely","EUR","EUR",22.7476532470987
"ely","EUR","ROE",1.82521477841635
"ely","EUR","ASI",0.374028870730626
"ely","EUR","REA",0.0981214144726437
"ely","EUR","ANZ",0.0484202836141208
"ely","EUR","MES",0.199855255191892
"ely","EUR","AFR",0.650714874192772
"ely","ROE","CHN",0.155031895242473
"ely","ROE","IND",0.0878113436308467
"ely","ROE","CAN",0.0990408460784238
"ely","ROE","USA",0.139268055483171
"ely","ROE","MEX",0.00776835733631742
"ely","ROE","BRA",0.562399358746234
"ely","ROE","RUS",0.0323238258145011
"ely","ROE","LAM",0.0166757983445223
"ely","ROE","EUR",1.62523391150745
"ely","ROE","ROE",0.897653281955797
"ely","ROE","ASI",0.0813674242363049
"ely","ROE","REA",0.0305312686135153
"ely","ROE","ANZ",0.012345212774278
"ely","ROE","MES",0.257308973397812
"ely","ROE","AFR",0.111522826518978
"ely","ASI","CHN",0.00957598560489714
"ely","ASI","IND",0.00346094230189919
"ely","ASI","CAN",0.00778510328382254
"ely","ASI","USA",0.00694761145859957
"ely","ASI","MEX",0.000450118386652321
"ely","ASI","BRA",0.0151734370738268
"ely","ASI","RUS",0.000793008133769035
"ely","ASI","LAM",0.000950104929870577
"ely","ASI","EUR",0.0528645978415625
"ely","ASI","ROE",0.00402865465230207
"ely","ASI","ASI",0.0050238580442965
"ely","ASI","REA",0.0189672179913032
"ely","ASI","ANZ",0.000645457941573113
"ely","ASI","MES",0.00226551873493008
"ely","ASI","AFR",0.00470493525483562
"ely","REA","CHN",0.0442116825438461
"ely","REA","IND",0.0129170273211798
"ely","REA","CAN",0.0258746281222102
"ely","REA","USA",0.0246932803602249
"ely","REA","MEX",0.00154242802113913
"ely","REA","BRA",0.0677611673650063
"ely","REA","RUS",0.00266651863842071
"ely","REA","LAM",0.00328001546995438
"ely","REA","EUR",0.175722385581082
"ely","REA","ROE",0.0214349048357576
"ely","REA","ASI",0.0630348491308723
"ely","REA","REA",0.00486074003958947
"ely","REA","ANZ",0.00243441040117887
"ely","REA","MES",0.00844971347487444
"ely","REA","AFR",0.0191329206753608
"ely","ANZ","CHN",0.0159347129449543
"ely","ANZ","IND",0.00648137920597947
"ely","ANZ","CAN",0.0148779585488228
"ely","ANZ","USA",0.0118432683348146
"ely","ANZ","MEX",0.000833712770372586
"ely","ANZ","BRA",0.0295088229358953
"ely","ANZ","RUS",0.00130529693080916
"ely","ANZ","LAM",0.00162240372355882
"ely","ANZ","EUR",0.0873521260842267
"ely","ANZ","ROE",0.00883240511194572
"ely","ANZ","ASI",0.00913399710896101
"ely","ANZ","REA",0.002238551661776
"ely","ANZ","ANZ",0.00093718123389408
"ely","ANZ","MES",0.00421058789584094
"ely","ANZ","AFR",0.00879061961802563
"ely","MES","CHN",0.0435313181369565
"ely","MES","IND",0.0324391792382812
"ely","MES","CAN",0.030072107037995
"ely","MES","USA",0.0484969523240579
"ely","MES","MEX",0.00274884849204682
"ely","MES","BRA",0.194964861380868
"ely","MES","RUS",0.00348336022580042
"ely","MES","LAM",0.00523481139231308
"ely","MES","EUR",0.17169110036815
"ely","MES","ROE",0.254455314188476
"ely","MES","ASI",0.0209609636453933
"ely","MES","REA",0.0246047055896383
"ely","MES","ANZ",0.00345266028489277
"ely","MES","MES",0.348330207083109
"ely","MES","AFR",0.0301752790324485
"ely","AFR","CHN",0.186902176680292
"ely","AFR","IND",0.0196685717220362
"ely","AFR","CAN",0.0345617740524631
"ely","AFR","USA",0.0775808222203977
"ely","AFR","MEX",0.00142403783308964
"ely","AFR","BRA",0.109844606716251
"ely","AFR","RUS",0.00328920639253738
"ely","AFR","LAM",0.00760291375968336
"ely","AFR","EUR",0.29750483891479
"ely","AFR","ROE",0.0572832716918015
"ely","AFR","ASI",0.0424727327341543
"ely","AFR","REA",0.0123808151993785
"ely","AFR","ANZ",0.00589050259384294
"ely","AFR","MES",0.156900680679996
"ely","AFR","AFR",1.48728601222695
