"ff","Dim2","rr","Val"
"lnd","pdr","CHN",20.1260270624697
"lnd","pdr","JPN",5.73381106216441
"lnd","pdr","KOR",3.33842614087337
"lnd","pdr","TWN",0.283601970877416
"lnd","pdr","IND",9.87750511369547
"lnd","pdr","USA",0.424230970146841
"lnd","pdr","MEX",0.0117478104177806
"lnd","pdr","BRA",0.379903787603129
"lnd","pdr","RUS",0.120251774374461
"lnd","pdr","LAM",1.32489026045744
"lnd","pdr","EUR",0.12786689813195
"lnd","pdr","ROE",0.138062269183422
"lnd","pdr","ASI",5.68866747194555
"lnd","pdr","REA",12.7810360578735
"lnd","pdr","ANZ",0.0275532430552463
"lnd","pdr","MES",0.306698170874327
"lnd","pdr","AFR",2.26961660187512
"lnd","pdr","IDZ",9.01855016288459
"lnd","wht","CHN",7.23553666993609
"lnd","wht","JPN",0.0553162790416662
"lnd","wht","IND",6.17443874708925
"lnd","wht","CAN",0.647929964990263
"lnd","wht","USA",4.3659937397704
"lnd","wht","MEX",0.1514458533301
"lnd","wht","BRA",0.224192515620565
"lnd","wht","RUS",1.79912061764116
"lnd","wht","LAM",1.44971412612259
"lnd","wht","EUR",3.66447147132327
"lnd","wht","ROE",1.79744943837808
"lnd","wht","REA",2.82206528611803
"lnd","wht","ANZ",1.0295560434282
"lnd","wht","MES",0.893921232444523
"lnd","wht","AFR",0.953319492083964
"lnd","gro","CHN",13.1677988711194
"lnd","gro","TWN",0.0541325681117494
"lnd","gro","IND",3.67694747939618
"lnd","gro","CAN",0.330769483696097
"lnd","gro","USA",13.5044294384201
"lnd","gro","MEX",1.27892720777555
"lnd","gro","BRA",1.46665599566412
"lnd","gro","RUS",0.913930856458865
"lnd","gro","LAM",3.12472258781399
"lnd","gro","EUR",4.30128115674397
"lnd","gro","ROE",1.54548757547498
"lnd","gro","ASI",1.16445282967349
"lnd","gro","REA",0.822520778679558
"lnd","gro","ANZ",0.240107256694087
"lnd","gro","MES",0.769429338918818
"lnd","gro","AFR",5.39565415953505
"lnd","gro","IDZ",2.17948710224884
"lnd","v_f","CHN",68.3495995200946
"lnd","v_f","JPN",3.52358527989932
"lnd","v_f","KOR",4.66615438213539
"lnd","v_f","TWN",1.26343336579244
"lnd","v_f","IND",34.56302643045
"lnd","v_f","CAN",0.534644000610611
"lnd","v_f","USA",11.3659764861396
"lnd","v_f","MEX",4.00936476048586
"lnd","v_f","BRA",0.54166640019703
"lnd","v_f","RUS",5.95618914576765
"lnd","v_f","LAM",8.99767067617592
"lnd","v_f","EUR",8.72414748601562
"lnd","v_f","ROE",8.10156367921837
"lnd","v_f","ASI",6.94655181894046
"lnd","v_f","REA",10.4882875327242
"lnd","v_f","ANZ",1.48870137060196
"lnd","v_f","MES",3.705917065422
"lnd","v_f","AFR",15.2964223086439
"lnd","v_f","IDZ",12.8973617094226
"lnd","osd","CHN",11.9421551416138
"lnd","osd","JPN",0.0380492177388142
"lnd","osd","KOR",0.275776626677917
"lnd","osd","IND",8.95224955151787
"lnd","osd","CAN",0.85800086617885
"lnd","osd","USA",7.40150853152529
"lnd","osd","MEX",0.0157156111580073
"lnd","osd","BRA",3.11982785739606
"lnd","osd","RUS",0.581795545901037
"lnd","osd","LAM",4.3903867966797
"lnd","osd","EUR",2.21438890613219
"lnd","osd","ROE",0.76785747311688
"lnd","osd","ASI",6.39650304959601
"lnd","osd","REA",1.59035089187498
"lnd","osd","ANZ",0.286255218248162
"lnd","osd","MES",0.197927611058737
"lnd","osd","AFR",2.60795737240794
"lnd","osd","IDZ",5.41683835467459
"lnd","c_b","CHN",1.83682818846638
"lnd","c_b","JPN",0.0842740696997302
"lnd","c_b","TWN",0.0352908739810985
"lnd","c_b","IND",4.97367672946532
"lnd","c_b","CAN",0.0404360933040102
"lnd","c_b","USA",0.700018133976968
"lnd","c_b","MEX",0.598903856472416
"lnd","c_b","BRA",3.29881947902164
"lnd","c_b","RUS",0.335911455343178
"lnd","c_b","LAM",1.28898710460388
"lnd","c_b","EUR",0.52178434028513
"lnd","c_b","ROE",0.272204336762019
"lnd","c_b","ASI",1.09457838670744
"lnd","c_b","REA",1.37964127765276
"lnd","c_b","ANZ",0.16667743006413
"lnd","c_b","MES",0.0546037183768021
"lnd","c_b","AFR",0.575087000448463
"lnd","c_b","IDZ",0.585444146214782
"lnd","pfb","CHN",2.79547952912854
"lnd","pfb","TWN",0.0108464358714236
"lnd","pfb","IND",5.47186493084221
"lnd","pfb","CAN",0.0105140205695318
"lnd","pfb","USA",2.16163019505569
"lnd","pfb","MEX",0.138410164428143
"lnd","pfb","BRA",0.502301679258388
"lnd","pfb","RUS",0.0011761406863697
"lnd","pfb","LAM",0.272773384068517
"lnd","pfb","EUR",0.152097270762668
"lnd","pfb","ROE",0.660580411049143
"lnd","pfb","ASI",0.0709225471885055
"lnd","pfb","REA",2.00811310871752
"lnd","pfb","ANZ",0.0977671837654717
"lnd","pfb","MES",0.379374990303312
"lnd","pfb","AFR",0.71829733221624
"lnd","pfb","IDZ",0.0398959382040913
"lnd","ocr","CHN",1.85791723660305
"lnd","ocr","JPN",2.31671983647955
"lnd","ocr","KOR",1.52750047465514
"lnd","ocr","TWN",0.128783372474486
"lnd","ocr","IND",21.2448462138509
"lnd","ocr","CAN",0.270865714265762
"lnd","ocr","USA",4.26224446901877
"lnd","ocr","MEX",1.22072970928257
"lnd","ocr","BRA",4.29391258364745
"lnd","ocr","RUS",0.0148762365859687
"lnd","ocr","LAM",6.60804540566653
"lnd","ocr","EUR",8.12183474286236
"lnd","ocr","ROE",0.750723201366788
"lnd","ocr","ASI",1.83160716678575
"lnd","ocr","REA",5.08965649158447
"lnd","ocr","ANZ",0.878224034222484
"lnd","ocr","MES",0.253611918598514
"lnd","ocr","AFR",2.74200290685337
"lnd","ocr","IDZ",9.51197296477288
"lnd","ctl","CHN",12.005398273752
"lnd","ctl","JPN",0.347924492857188
"lnd","ctl","KOR",0.585641979902433
"lnd","ctl","TWN",0.00568999380303254
"lnd","ctl","IND",2.94274249517582
"lnd","ctl","CAN",0.226983722111614
"lnd","ctl","USA",3.4281709226767
"lnd","ctl","MEX",0.384776791910557
"lnd","ctl","BRA",2.74253498722934
"lnd","ctl","RUS",0.663250634522363
"lnd","ctl","LAM",3.7957907422177
"lnd","ctl","EUR",2.49341018939923
"lnd","ctl","ROE",1.2353800032384
"lnd","ctl","ASI",0.760685793255482
"lnd","ctl","REA",3.93374326636054
"lnd","ctl","ANZ",1.37202457666037
"lnd","ctl","MES",0.569375560214712
"lnd","ctl","AFR",2.36079991770714
"lnd","ctl","IDZ",0.857574632245206
"lnd","oap","CHN",37.9171885254632
"lnd","oap","JPN",0.492332145315801
"lnd","oap","KOR",0.66669481453303
"lnd","oap","TWN",0.585198770966409
"lnd","oap","IND",5.85243162381242
"lnd","oap","CAN",0.333665004835182
"lnd","oap","USA",3.37394472580847
"lnd","oap","MEX",1.05702702063414
"lnd","oap","BRA",1.99354622859065
"lnd","oap","RUS",1.10056797377009
"lnd","oap","LAM",3.92485850483162
"lnd","oap","EUR",6.44665212776342
"lnd","oap","ROE",1.49507511323492
"lnd","oap","ASI",4.94899900416157
"lnd","oap","REA",2.6928195391856
"lnd","oap","ANZ",0.439543898477225
"lnd","oap","MES",0.877358392504124
"lnd","oap","AFR",1.36105819115981
"lnd","oap","IDZ",2.00638969040226
"lnd","rmk","CHN",3.24800336679272
"lnd","rmk","JPN",0.657787081238515
"lnd","rmk","KOR",0.31039871539489
"lnd","rmk","TWN",0.0273973567852656
"lnd","rmk","IND",25.4407744667959
"lnd","rmk","CAN",0.32782772221488
"lnd","rmk","USA",2.31588256808446
"lnd","rmk","MEX",0.400721234634262
"lnd","rmk","BRA",1.21751680708789
"lnd","rmk","RUS",1.48804191848281
"lnd","rmk","LAM",2.55034193182873
"lnd","rmk","EUR",6.71474454909916
"lnd","rmk","ROE",1.67422071499285
"lnd","rmk","ASI",0.159185637909642
"lnd","rmk","REA",2.16851710180166
"lnd","rmk","ANZ",1.15564613660965
"lnd","rmk","MES",1.17141210196173
"lnd","rmk","AFR",0.526775045512862
"lnd","rmk","IDZ",0.078105783704422
"lnd","wol","CHN",2.08385790131708
"lnd","wol","JPN",0.0704253375981946
"lnd","wol","KOR",0.0353774392856787
"lnd","wol","IND",0.535066313434571
"lnd","wol","CAN",0.000433613912347955
"lnd","wol","BRA",0.458811464872939
"lnd","wol","RUS",0.0345687297856804
"lnd","wol","LAM",0.135897841608463
"lnd","wol","EUR",0.0546394578696522
"lnd","wol","ROE",0.174005844446286
"lnd","wol","ASI",0.021212907263623
"lnd","wol","REA",0.186996454967115
"lnd","wol","ANZ",0.187914494902836
"lnd","wol","MES",0.046555401385779
"lnd","wol","AFR",0.129316377361685
"lnd","wol","IDZ",0.0568950175244434
"lab","isr","CHN",28.1522690257735
"lab","isr","JPN",47.9818808879805
"lab","isr","KOR",5.97390209854209
"lab","isr","TWN",4.67640823949743
"lab","isr","IND",6.21748807483769
"lab","isr","CAN",7.73520266121729
"lab","isr","USA",208.007531487317
"lab","isr","MEX",1.3938266145739
"lab","isr","BRA",14.4311460741467
"lab","isr","RUS",2.40418312848241
"lab","isr","LAM",10.6897903555197
"lab","isr","EUR",75.7914124336954
"lab","isr","ROE",2.20285712108293
"lab","isr","ASI",3.99889131654506
"lab","isr","REA",1.75773736886784
"lab","isr","ANZ",10.7864523031977
"lab","isr","MES",1.53018325821897
"lab","isr","AFR",17.8945393108476
"lab","isr","IDZ",1.87237025118443
"lab","obs","CHN",198.007037057129
"lab","obs","JPN",290.517800500253
"lab","obs","KOR",55.4321331057627
"lab","obs","TWN",11.1328417382969
"lab","obs","IND",62.5763670004088
"lab","obs","CAN",105.447477950323
"lab","obs","USA",1113.75422705782
"lab","obs","MEX",30.5886335712977
"lab","obs","BRA",72.445787732465
"lab","obs","RUS",34.2644835096369
"lab","obs","LAM",59.2582335006931
"lab","obs","EUR",905.306233478238
"lab","obs","ROE",28.8100464318784
"lab","obs","ASI",40.9963193070283
"lab","obs","REA",16.3261168829058
"lab","obs","ANZ",107.11498295021
"lab","obs","MES",31.7553873217646
"lab","obs","AFR",47.4769853371856
"lab","obs","IDZ",4.32438754816724
"lab","ros","CHN",115.695512830249
"lab","ros","JPN",72.6410486207909
"lab","ros","KOR",14.9570128990383
"lab","ros","TWN",9.96286949503515
"lab","ros","IND",3.96584588752862
"lab","ros","CAN",18.4069035699985
"lab","ros","USA",315.579356332891
"lab","ros","MEX",20.2490679014605
"lab","ros","BRA",36.6445049418305
"lab","ros","RUS",5.43801343578868
"lab","ros","LAM",42.4056517183346
"lab","ros","EUR",220.615983048961
"lab","ros","ROE",20.1434206801693
"lab","ros","ASI",10.5490662666532
"lab","ros","REA",9.52066531520995
"lab","ros","ANZ",21.0763291391922
"lab","ros","MES",13.9548001176045
"lab","ros","AFR",25.6586180297925
"lab","ros","IDZ",13.6567253379268
"lab","osg","CHN",706.085955950578
"lab","osg","JPN",701.526710493766
"lab","osg","KOR",141.630874275882
"lab","osg","TWN",48.783345424243
"lab","osg","IND",184.084996306414
"lab","osg","CAN",254.878959988431
"lab","osg","USA",2553.43383732727
"lab","osg","MEX",102.917616283608
"lab","osg","BRA",313.073881155683
"lab","osg","RUS",165.94466375495
"lab","osg","LAM",263.389055008097
"lab","osg","EUR",2032.62576289473
"lab","osg","ROE",119.725921550502
"lab","osg","ASI",91.6891998890784
"lab","osg","REA",37.9905569846803
"lab","osg","ANZ",202.315292099953
"lab","osg","MES",154.774016613479
"lab","osg","AFR",205.05982580134
"lab","osg","IDZ",51.6312642871004
"lab","dwe","CHN",34.6417048198031
"lab","dwe","JPN",7.02235281103188
"lab","dwe","KOR",0.0025754368372497
"lab","dwe","TWN",0.000173364388571927
"lab","dwe","IND",12.1437976658342
"lab","dwe","CAN",0.43755316182723
"lab","dwe","USA",4.91697054724404
"lab","dwe","MEX",0.552805949989409
"lab","dwe","BRA",5.26785123099236
"lab","dwe","RUS",0.432840809362938
"lab","dwe","LAM",38.9523239197404
"lab","dwe","EUR",9.90610041194396
"lab","dwe","ROE",1.55766767569478
"lab","dwe","ASI",0.01711025009256
"lab","dwe","REA",1.79607553798632
"lab","dwe","ANZ",0.00522931035180872
"lab","dwe","MES",6.47186453043394
"lab","dwe","AFR",2.23967465789054
"lab","dwe","IDZ",2.46974909533136
"lab","pdr","CHN",34.005348614107
"lab","pdr","JPN",6.18193378214414
"lab","pdr","KOR",2.03301822272929
"lab","pdr","TWN",0.35347155624943
"lab","pdr","IND",8.53057227386033
"lab","pdr","USA",0.474639907449399
"lab","pdr","MEX",0.018544182398479
"lab","pdr","BRA",0.460966424450558
"lab","pdr","RUS",0.206957135421195
"lab","pdr","LAM",2.08813276988991
"lab","pdr","EUR",0.452654297364978
"lab","pdr","ROE",0.281152962233486
"lab","pdr","ASI",5.692023950786
"lab","pdr","REA",11.0044618325885
"lab","pdr","ANZ",0.0693050498922355
"lab","pdr","MES",1.42639736801399
"lab","pdr","AFR",11.7497389610536
"lab","pdr","IDZ",7.36071263262152
"lab","wht","CHN",10.4547611918387
"lab","wht","JPN",0.151326667133361
"lab","wht","IND",5.33247002900218
"lab","wht","CAN",1.43467729338174
"lab","wht","USA",3.83061085441805
"lab","wht","MEX",0.239532482204859
"lab","wht","BRA",0.272143046035374
"lab","wht","RUS",3.09591403899711
"lab","wht","LAM",2.29559818841218
"lab","wht","EUR",9.28263262374428
"lab","wht","ROE",4.20651988728719
"lab","wht","REA",2.53231915239312
"lab","wht","ANZ",2.51827089018975
"lab","wht","MES",3.88609839784884
"lab","wht","AFR",4.88187546302548
"lab","gro","CHN",18.5829549982359
"lab","gro","TWN",0.0674148141881161
"lab","gro","IND",3.17554595877966
"lab","gro","CAN",0.627232268548332
"lab","gro","USA",12.3485518752988
"lab","gro","MEX",2.01985922304909
"lab","gro","BRA",1.780607258283
"lab","gro","RUS",1.57304141182558
"lab","gro","LAM",5.05437351424649
"lab","gro","EUR",9.64625261993329
"lab","gro","ROE",3.23458256302169
"lab","gro","ASI",1.40205660462475
"lab","gro","REA",0.824820312139262
"lab","gro","ANZ",0.61101061501507
"lab","gro","MES",3.46998963567951
"lab","gro","AFR",27.628557642565
"lab","gro","IDZ",1.77868287174975
"lab","v_f","CHN",123.95293867913
"lab","v_f","JPN",8.92668822312419
"lab","v_f","KOR",3.60173060761236
"lab","v_f","TWN",1.57473943731025
"lab","v_f","IND",29.8498889904474
"lab","v_f","CAN",1.18705516117577
"lab","v_f","USA",13.9532659725795
"lab","v_f","MEX",6.32738357452332
"lab","v_f","BRA",0.653644780997583
"lab","v_f","RUS",10.2393873173411
"lab","v_f","LAM",14.4624874491262
"lab","v_f","EUR",28.7339423390984
"lab","v_f","ROE",23.0543788583608
"lab","v_f","ASI",6.89474660203366
"lab","v_f","REA",9.11277882297487
"lab","v_f","ANZ",3.86420700596886
"lab","v_f","MES",16.0042060603162
"lab","v_f","AFR",78.7646200347873
"lab","v_f","IDZ",10.525771406815
"lab","osd","CHN",14.6064954798804
"lab","osd","JPN",0.102777803956764
"lab","osd","KOR",0.211886853393898
"lab","osd","IND",7.73148874624602
"lab","osd","CAN",1.80337119804769
"lab","osd","USA",7.40317463608413
"lab","osd","MEX",0.0247636033333188
"lab","osd","BRA",3.78774328145453
"lab","osd","RUS",1.00136952367057
"lab","osd","LAM",6.93536038488575
"lab","osd","EUR",5.12650882456418
"lab","osd","ROE",1.55931141411445
"lab","osd","ASI",5.51786499235865
"lab","osd","REA",1.37214797814988
"lab","osd","ANZ",0.658647845343468
"lab","osd","MES",0.902666284487765
"lab","osd","AFR",13.411396211372
"lab","osd","IDZ",4.42077128047515
"lab","c_b","CHN",3.40669188223933
"lab","c_b","JPN",0.229918814656431
"lab","c_b","TWN",0.0439874710248175
"lab","c_b","IND",4.29544779498167
"lab","c_b","CAN",0.101385078838942
"lab","c_b","USA",0.806124674539607
"lab","c_b","MEX",0.945111789127042
"lab","c_b","BRA",4.00547877793656
"lab","c_b","RUS",0.578175559278044
"lab","c_b","LAM",2.08307787430203
"lab","c_b","EUR",1.35227482192225
"lab","c_b","ROE",0.690588474552552
"lab","c_b","ASI",1.09080790604296
"lab","c_b","REA",1.20152391035255
"lab","c_b","ANZ",0.4115246677449
"lab","c_b","MES",0.253182536903812
"lab","c_b","AFR",2.821910745743
"lab","c_b","IDZ",0.47777331082778
"lab","pfb","CHN",5.19022125920334
"lab","pfb","TWN",0.0135191046821423
"lab","pfb","IND",4.72570161709448
"lab","pfb","CAN",0.026384820324232
"lab","pfb","USA",1.80445125122159
"lab","pfb","MEX",0.218423532239584
"lab","pfb","BRA",0.609876604027845
"lab","pfb","RUS",0.00202214484355925
"lab","pfb","LAM",0.436102657876075
"lab","pfb","EUR",0.566924518760175
"lab","pfb","ROE",1.45165388914767
"lab","pfb","ASI",0.0729845637851511
"lab","pfb","REA",1.75252060712971
"lab","pfb","ANZ",0.26553780641376
"lab","pfb","MES",1.66926417413379
"lab","pfb","AFR",3.74076997843457
"lab","pfb","IDZ",0.0325600299717056
"lab","ocr","CHN",2.93192563645011
"lab","ocr","JPN",5.86929992039523
"lab","ocr","KOR",1.18130411193693
"lab","ocr","TWN",0.160513758285379
"lab","ocr","IND",18.3478227880782
"lab","ocr","CAN",1.13099280542115
"lab","ocr","USA",4.92404994899917
"lab","ocr","MEX",1.92641291281348
"lab","ocr","BRA",5.18162054631004
"lab","ocr","RUS",0.0255726897143586
"lab","ocr","LAM",10.6743576967949
"lab","ocr","EUR",24.127458124606
"lab","ocr","ROE",1.68852489966002
"lab","ocr","ASI",1.79764868080617
"lab","ocr","REA",4.63535812837326
"lab","ocr","ANZ",1.85095908880385
"lab","ocr","MES",1.11193264141784
"lab","ocr","AFR",14.34970240156
"lab","ocr","IDZ",7.76274256447589
"lab","ctl","CHN",24.5489818437842
"lab","ctl","JPN",0.879932645061178
"lab","ctl","KOR",0.452196214288714
"lab","ctl","TWN",0.00709052282836485
"lab","ctl","IND",2.54145958715405
"lab","ctl","CAN",0.491841928191182
"lab","ctl","USA",4.4281287255599
"lab","ctl","MEX",0.619701007955164
"lab","ctl","BRA",3.30951131739747
"lab","ctl","RUS",1.13977174148174
"lab","ctl","LAM",6.04247619242627
"lab","ctl","EUR",7.35090507180929
"lab","ctl","ROE",3.17089622299376
"lab","ctl","ASI",0.820510656790738
"lab","ctl","REA",3.59623635702062
"lab","ctl","ANZ",3.71468335149278
"lab","ctl","MES",2.4742087336053
"lab","ctl","AFR",11.3314639372469
"lab","ctl","IDZ",0.699949797297408
"lab","oap","CHN",77.2480667808726
"lab","oap","JPN",1.25195600850528
"lab","oap","KOR",0.524271650508648
"lab","oap","TWN",0.729389766069908
"lab","oap","IND",5.05437292263101
"lab","oap","CAN",0.742103248126551
"lab","oap","USA",4.3565321224288
"lab","oap","MEX",1.70256101022061
"lab","oap","BRA",2.40568317678481
"lab","oap","RUS",1.89128341401661
"lab","oap","LAM",6.39850082542149
"lab","oap","EUR",17.4813722236549
"lab","oap","ROE",3.30699380726027
"lab","oap","ASI",5.43084194544352
"lab","oap","REA",2.40197443278404
"lab","oap","ANZ",1.15517279195647
"lab","oap","MES",3.8365894948849
"lab","oap","AFR",6.37795659244872
"lab","oap","IDZ",1.63743439239491
"lab","rmk","CHN",6.64974557527433
"lab","rmk","JPN",1.67341604428858
"lab","rmk","KOR",0.240138530577705
"lab","rmk","TWN",0.0341477400304805
"lab","rmk","IND",21.9715768944309
"lab","rmk","CAN",0.819602971762254
"lab","rmk","USA",2.99343920505403
"lab","rmk","MEX",0.64550916245677
"lab","rmk","BRA",1.46922084547265
"lab","rmk","RUS",2.55714396091726
"lab","rmk","LAM",4.06895691431867
"lab","rmk","EUR",18.8395057093581
"lab","rmk","ROE",4.19554425817785
"lab","rmk","ASI",0.129792999416586
"lab","rmk","REA",2.12526940161866
"lab","rmk","ANZ",3.76896869618094
"lab","rmk","MES",5.18309759628285
"lab","rmk","AFR",2.55576425902441
"lab","rmk","IDZ",0.0637484659599104
"lab","wol","CHN",4.26659220247118
"lab","wol","JPN",0.179197532539668
"lab","wol","KOR",0.0273497830189965
"lab","wol","IND",0.462102732931841
"lab","wol","CAN",0.00106892662860974
"lab","wol","BRA",0.553664744147895
"lab","wol","RUS",0.0594050120021753
"lab","wol","LAM",0.211534889514565
"lab","wol","EUR",0.0849020169766998
"lab","wol","ROE",0.349739095950075
"lab","wol","ASI",0.0172002933102422
"lab","wol","REA",0.218363891315253
"lab","wol","ANZ",0.527399120928058
"lab","wol","MES",0.201385822777281
"lab","wol","AFR",0.615990144753924
"lab","wol","IDZ",0.046432605042183
"lab","frs","CHN",29.8249258817292
"lab","frs","JPN",0.690843151043901
"lab","frs","KOR",0.128766581335678
"lab","frs","TWN",0.0676997469758197
"lab","frs","IND",7.9340695099453
"lab","frs","CAN",3.14101547771081
"lab","frs","USA",3.06466906750793
"lab","frs","MEX",0.478284133903906
"lab","frs","BRA",3.34939149639871
"lab","frs","RUS",2.74401141026873
"lab","frs","LAM",2.43790849744401
"lab","frs","EUR",7.50575659492364
"lab","frs","ROE",1.57066721230708
"lab","frs","ASI",2.0068416547175
"lab","frs","REA",2.52055405524844
"lab","frs","ANZ",1.22081130478563
"lab","frs","MES",0.347472130805742
"lab","frs","AFR",5.37940629195282
"lab","frs","IDZ",2.44790008605472
"lab","fsh","CHN",32.9387038366432
"lab","fsh","JPN",1.39202008357541
"lab","fsh","KOR",0.672393680867347
"lab","fsh","TWN",0.367309505894006
"lab","fsh","IND",4.23485963136907
"lab","fsh","CAN",0.528134657291587
"lab","fsh","USA",1.13312412868049
"lab","fsh","MEX",0.159616680144149
"lab","fsh","BRA",0.970209651377828
"lab","fsh","RUS",0.481150762160776
"lab","fsh","LAM",1.84356159977358
"lab","fsh","EUR",2.4193487983702
"lab","fsh","ROE",0.508143361839209
"lab","fsh","ASI",2.52642608184337
"lab","fsh","REA",2.89959280737946
"lab","fsh","ANZ",0.374556228223949
"lab","fsh","MES",0.246824033473356
"lab","fsh","AFR",5.3871327363002
"lab","fsh","IDZ",2.72195865571102
"lab","coa","CHN",27.8241789498293
"lab","coa","KOR",0.0460853091159485
"lab","coa","IND",1.76828413052982
"lab","coa","CAN",1.43233284401704
"lab","coa","USA",9.00440211622004
"lab","coa","MEX",0.0630249142469646
"lab","coa","BRA",0.0238428521501382
"lab","coa","RUS",3.71576273958563
"lab","coa","LAM",0.750995099788859
"lab","coa","EUR",7.37317559086737
"lab","coa","ROE",3.14127632723179
"lab","coa","ASI",0.151629263288619
"lab","coa","REA",0.829880996110468
"lab","coa","ANZ",3.59064112592744
"lab","coa","MES",0.0314033071128919
"lab","coa","AFR",1.11566770281023
"lab","coa","IDZ",2.51987616344451
"lab","oil","CHN",14.9556265550162
"lab","oil","IND",3.54070725335526
"lab","oil","CAN",5.23025065276819
"lab","oil","USA",24.394020906698
"lab","oil","MEX",0.9389663160238
"lab","oil","BRA",2.902457208473
"lab","oil","RUS",16.5787384600571
"lab","oil","LAM",13.6281560946607
"lab","oil","EUR",6.00534369162603
"lab","oil","ROE",5.69825292684051
"lab","oil","ASI",4.1532653484007
"lab","oil","REA",1.0253957932166
"lab","oil","ANZ",1.33913739776694
"lab","oil","MES",51.2870317426577
"lab","oil","AFR",19.0809116477298
"lab","oil","IDZ",1.51933985756062
"lab","gas","CHN",0.278129603402482
"lab","gas","JPN",0.462685887680935
"lab","gas","KOR",0.0220859322963223
"lab","gas","TWN",0.0140515183038699
"lab","gas","IND",0.794484957164128
"lab","gas","CAN",1.6169824458962
"lab","gas","USA",10.6613119443743
"lab","gas","MEX",0.374509789413817
"lab","gas","BRA",0.159525067500343
"lab","gas","RUS",17.7831093725075
"lab","gas","LAM",1.19550289543043
"lab","gas","EUR",7.90237814128161
"lab","gas","ROE",5.48302815926486
"lab","gas","ASI",4.65101069562469
"lab","gas","REA",2.63298750843287
"lab","gas","ANZ",1.05694895346957
"lab","gas","MES",7.19254591345051
"lab","gas","AFR",2.23231623762773
"lab","gas","IDZ",1.63602309514164
"lab","omn","CHN",44.2423357767429
"lab","omn","JPN",1.25674118812448
"lab","omn","KOR",0.509827835329922
"lab","omn","TWN",1.02058756188382
"lab","omn","IND",4.13568136638272
"lab","omn","CAN",3.89620263123926
"lab","omn","USA",12.1872057469747
"lab","omn","MEX",3.16188173655387
"lab","omn","BRA",6.7917164444671
"lab","omn","RUS",3.08540685802435
"lab","omn","LAM",11.3148328398301
"lab","omn","EUR",13.2636266183632
"lab","omn","ROE",5.57987417920612
"lab","omn","ASI",1.58271448590672
"lab","omn","REA",2.2556315153847
"lab","omn","ANZ",13.1636069649225
"lab","omn","MES",3.84341254242283
"lab","omn","AFR",11.1522179243938
"lab","omn","IDZ",7.82816850810483
"lab","cmt","CHN",2.5081610956382
"lab","cmt","JPN",2.03471645730519
"lab","cmt","KOR",0.302273667658313
"lab","cmt","TWN",0.156280204212996
"lab","cmt","IND",0.694629910574716
"lab","cmt","CAN",2.77785216986106
"lab","cmt","USA",20.2782353816423
"lab","cmt","MEX",0.533989799788392
"lab","cmt","BRA",3.76268615483251
"lab","cmt","RUS",2.98813435815045
"lab","cmt","LAM",3.35377949310565
"lab","cmt","EUR",8.8666203929093
"lab","cmt","ROE",1.20061223071363
"lab","cmt","ASI",0.32933976062976
"lab","cmt","REA",0.108130208783502
"lab","cmt","ANZ",2.4390649280017
"lab","cmt","MES",0.685486037601216
"lab","cmt","AFR",11.8664037780007
"lab","cmt","IDZ",0.608534415479915
"lab","omt","CHN",7.99504792401846
"lab","omt","JPN",0.325398086556831
"lab","omt","KOR",0.163464883541952
"lab","omt","TWN",0.243956050031967
"lab","omt","IND",0.0934613043908301
"lab","omt","CAN",2.05706794936511
"lab","omt","USA",17.4554330436419
"lab","omt","MEX",0.455329875969272
"lab","omt","BRA",4.35183005336547
"lab","omt","RUS",1.41973916199822
"lab","omt","LAM",3.04822315835225
"lab","omt","EUR",14.1164937386282
"lab","omt","ROE",0.828395023473496
"lab","omt","ASI",1.24188995846246
"lab","omt","REA",0.207283081348728
"lab","omt","ANZ",1.09521852109368
"lab","omt","MES",1.0624170194968
"lab","omt","AFR",3.0190831322485
"lab","omt","IDZ",2.26604361464743
"lab","vol","CHN",6.21773457859851
"lab","vol","JPN",0.42280336712776
"lab","vol","KOR",0.0620919180681705
"lab","vol","TWN",0.0426825293157186
"lab","vol","IND",1.07642983509585
"lab","vol","CAN",0.484302078472319
"lab","vol","USA",1.33183516111769
"lab","vol","MEX",0.0767353059793181
"lab","vol","BRA",2.99732173300543
"lab","vol","RUS",0.522173106428753
"lab","vol","LAM",2.26592702130147
"lab","vol","EUR",5.06822197748308
"lab","vol","ROE",0.923100158235769
"lab","vol","ASI",1.11159547173805
"lab","vol","REA",0.354062082828108
"lab","vol","ANZ",0.163702816910389
"lab","vol","MES",0.379536721632886
"lab","vol","AFR",0.726631082422363
"lab","vol","IDZ",7.38382713743848
"lab","mil","CHN",2.21978739931744
"lab","mil","JPN",2.531689539297
"lab","mil","KOR",0.589769640552173
"lab","mil","TWN",0.126082994417833
"lab","mil","IND",4.36780470197806
"lab","mil","CAN",1.70217230617346
"lab","mil","USA",12.4883757615541
"lab","mil","MEX",1.2845057467864
"lab","mil","BRA",3.12353354848902
"lab","mil","RUS",2.51695547414377
"lab","mil","LAM",4.68985238193866
"lab","mil","EUR",26.163892562784
"lab","mil","ROE",4.57522382486199
"lab","mil","ASI",0.46702032601701
"lab","mil","REA",1.08378479246195
"lab","mil","ANZ",2.46395762074041
"lab","mil","MES",1.58383152731398
"lab","mil","AFR",4.33598047371155
"lab","mil","IDZ",0.737629952303426
"lab","pcr","CHN",1.71830627610463
"lab","pcr","JPN",0.468195598352587
"lab","pcr","KOR",0.0669780618061613
"lab","pcr","TWN",0.103692217084199
"lab","pcr","IND",12.4286256366489
"lab","pcr","CAN",0.00232041367969029
"lab","pcr","USA",0.688845256865271
"lab","pcr","MEX",0.0363527114962444
"lab","pcr","BRA",2.45746282281877
"lab","pcr","RUS",0.0160589353918177
"lab","pcr","LAM",0.957485030227765
"lab","pcr","EUR",0.583872081741873
"lab","pcr","ROE",0.123526381292493
"lab","pcr","ASI",0.833579299594837
"lab","pcr","REA",1.98825805885606
"lab","pcr","ANZ",0.135751600120859
"lab","pcr","MES",0.0870158541465359
"lab","pcr","AFR",0.431158337206134
"lab","pcr","IDZ",0.718046044080116
"lab","sgr","CHN",0.697753518492202
"lab","sgr","JPN",0.527269064007057
"lab","sgr","KOR",0.0571673091528972
"lab","sgr","TWN",0.0626526496312989
"lab","sgr","IND",1.82519732638918
"lab","sgr","CAN",0.170848415527108
"lab","sgr","USA",1.76439003066469
"lab","sgr","MEX",0.484586367199084
"lab","sgr","BRA",3.32122481732129
"lab","sgr","RUS",0.341078458475704
"lab","sgr","LAM",2.31734629320811
"lab","sgr","EUR",5.68715889908767
"lab","sgr","ROE",0.45741484831219
"lab","sgr","ASI",0.716303409366263
"lab","sgr","REA",0.985034570297016
"lab","sgr","ANZ",1.1384953478115
"lab","sgr","MES",0.147868521925069
"lab","sgr","AFR",1.25724787909195
"lab","sgr","IDZ",0.351121684720597
"lab","ofd","CHN",39.6654368166562
"lab","ofd","JPN",28.422577106071
"lab","ofd","KOR",2.38962278766357
"lab","ofd","TWN",0.957317696011901
"lab","ofd","IND",9.50327359302061
"lab","ofd","CAN",6.56399869447602
"lab","ofd","USA",71.4705911684877
"lab","ofd","MEX",6.7945014580929
"lab","ofd","BRA",10.0584456838302
"lab","ofd","RUS",5.7226815309601
"lab","ofd","LAM",17.9849621765129
"lab","ofd","EUR",93.2296443015066
"lab","ofd","ROE",6.06160834952637
"lab","ofd","ASI",5.15187315967253
"lab","ofd","REA",3.57711458870333
"lab","ofd","ANZ",8.15818313591563
"lab","ofd","MES",7.28212636961033
"lab","ofd","AFR",11.3503583320096
"lab","ofd","IDZ",8.4152433544553
"lab","b_t","CHN",24.36600188171
"lab","b_t","JPN",8.99717566518616
"lab","b_t","KOR",1.22629179763887
"lab","b_t","TWN",0.547543256047945
"lab","b_t","IND",5.06537434757085
"lab","b_t","CAN",2.45615051641587
"lab","b_t","USA",19.8568394998002
"lab","b_t","MEX",2.60519246179973
"lab","b_t","BRA",4.57089802084823
"lab","b_t","RUS",2.08163085715714
"lab","b_t","LAM",8.7161423528959
"lab","b_t","EUR",41.7929127650833
"lab","b_t","ROE",2.36166334213496
"lab","b_t","ASI",1.87460543185484
"lab","b_t","REA",2.21414657437681
"lab","b_t","ANZ",2.56437756017685
"lab","b_t","MES",2.01615574527532
"lab","b_t","AFR",7.0743241194484
"lab","b_t","IDZ",2.26085096341891
"lab","tex","CHN",65.4954916594559
"lab","tex","JPN",5.94794456411748
"lab","tex","KOR",2.28234720902551
"lab","tex","TWN",2.681358448046
"lab","tex","IND",11.7780654517107
"lab","tex","CAN",2.08274955582053
"lab","tex","USA",39.7806377660933
"lab","tex","MEX",1.36946040063673
"lab","tex","BRA",7.09984403974949
"lab","tex","RUS",1.35468860714144
"lab","tex","LAM",7.85878013977354
"lab","tex","EUR",40.9355670884257
"lab","tex","ROE",5.12173644780712
"lab","tex","ASI",2.80772392802272
"lab","tex","REA",8.83384256188479
"lab","tex","ANZ",1.47474547992116
"lab","tex","MES",1.95584686122475
"lab","tex","AFR",5.80538474101012
"lab","tex","IDZ",5.06572988111758
"lab","wap","CHN",46.2666094602184
"lab","wap","JPN",5.83952446403692
"lab","wap","KOR",2.17971277209897
"lab","wap","TWN",1.15200216690093
"lab","wap","IND",4.34512962713263
"lab","wap","CAN",2.0688100566478
"lab","wap","USA",23.1188445923035
"lab","wap","MEX",1.6198706739642
"lab","wap","BRA",10.6252652039617
"lab","wap","RUS",1.52481435476335
"lab","wap","LAM",7.94143268847335
"lab","wap","EUR",34.9683373785217
"lab","wap","ROE",3.344398438442
"lab","wap","ASI",2.47768526259903
"lab","wap","REA",3.73380295809169
"lab","wap","ANZ",0.918319958201209
"lab","wap","MES",2.97785342376822
"lab","wap","AFR",9.65615867751271
"lab","wap","IDZ",1.65517981026594
"lab","lea","CHN",23.5848582390845
"lab","lea","JPN",1.05801168749632
"lab","lea","KOR",0.410561839808329
"lab","lea","TWN",0.269389238272371
"lab","lea","IND",2.35517285972244
"lab","lea","CAN",0.315884743666039
"lab","lea","USA",3.98379232997465
"lab","lea","MEX",0.965161773556142
"lab","lea","BRA",4.29814865063766
"lab","lea","RUS",1.27793614322095
"lab","lea","LAM",3.82011083929687
"lab","lea","EUR",17.7010532346567
"lab","lea","ROE",0.817927693400789
"lab","lea","ASI",1.08207325614815
"lab","lea","REA",1.23907632772777
"lab","lea","ANZ",0.134646158311833
"lab","lea","MES",1.04603044395986
"lab","lea","AFR",3.50346603364736
"lab","lea","IDZ",2.39399583993854
"lab","lum","CHN",22.9503116183882
"lab","lum","JPN",4.83704368287632
"lab","lum","KOR",0.804705754857286
"lab","lum","TWN",0.754642912320663
"lab","lum","IND",3.33590567757156
"lab","lum","CAN",5.83999800146002
"lab","lum","USA",82.5636585439419
"lab","lum","MEX",1.56300320803428
"lab","lum","BRA",3.68198228692774
"lab","lum","RUS",2.60521944898327
"lab","lum","LAM",6.33721368038921
"lab","lum","EUR",41.4972965218453
"lab","lum","ROE",1.25175435935487
"lab","lum","ASI",2.59993503621359
"lab","lum","REA",1.53749918906042
"lab","lum","ANZ",3.357439245474
"lab","lum","MES",1.65887961342832
"lab","lum","AFR",5.12223039649417
"lab","lum","IDZ",4.14128768805606
"lab","ppp","CHN",38.9664200737012
"lab","ppp","JPN",30.4298833389232
"lab","ppp","KOR",5.51983371301064
"lab","ppp","TWN",3.74372196942891
"lab","ppp","IND",4.45375814526522
"lab","ppp","CAN",15.5967845944372
"lab","ppp","USA",146.316604023291
"lab","ppp","MEX",1.95222283558508
"lab","ppp","BRA",13.0831156855031
"lab","ppp","RUS",1.66820736150885
"lab","ppp","LAM",13.1278112189009
"lab","ppp","EUR",124.803545474513
"lab","ppp","ROE",3.56271996925448
"lab","ppp","ASI",3.20003296649775
"lab","ppp","REA",1.22081946646773
"lab","ppp","ANZ",9.22175044536055
"lab","ppp","MES",3.35387857093853
"lab","ppp","AFR",6.5044759485727
"lab","ppp","IDZ",2.86919587096175
"lab","p_c","CHN",10.2487472730371
"lab","p_c","JPN",1.78404265875681
"lab","p_c","KOR",0.889723056354422
"lab","p_c","TWN",1.21649430953342
"lab","p_c","IND",0.802012427696265
"lab","p_c","CAN",2.16165807212465
"lab","p_c","USA",6.20512015779681
"lab","p_c","MEX",2.93791930069147
"lab","p_c","BRA",0.792610308941116
"lab","p_c","RUS",2.19477418511945
"lab","p_c","LAM",2.34949704702541
"lab","p_c","EUR",9.7397815824392
"lab","p_c","ROE",0.928300335189754
"lab","p_c","ASI",1.80556740453132
"lab","p_c","REA",0.853615317335966
"lab","p_c","ANZ",0.739224092363337
"lab","p_c","MES",6.70669298864622
"lab","p_c","AFR",0.920995915703917
"lab","p_c","IDZ",0.775491330173479
"lab","crp","CHN",152.447647106269
"lab","crp","JPN",53.1379711658635
"lab","crp","KOR",12.9634648421267
"lab","crp","TWN",8.9413885715884
"lab","crp","IND",12.5171830507092
"lab","crp","CAN",15.4160625423537
"lab","crp","USA",204.545415049506
"lab","crp","MEX",9.09942675287478
"lab","crp","BRA",30.4199048152426
"lab","crp","RUS",3.86058655132286
"lab","crp","LAM",21.0348163056014
"lab","crp","EUR",215.037217129293
"lab","crp","ROE",6.02164631588688
"lab","crp","ASI",14.2220249767136
"lab","crp","REA",3.8591642855746
"lab","crp","ANZ",8.41822180137412
"lab","crp","MES",13.5426821302919
"lab","crp","AFR",11.2385100129704
"lab","crp","IDZ",18.1627505471985
"lab","nmm","CHN",83.6069106048945
"lab","nmm","JPN",13.5380445686909
"lab","nmm","KOR",3.51766170341431
"lab","nmm","TWN",2.11161509622452
"lab","nmm","IND",4.56617955090758
"lab","nmm","CAN",4.52238639808992
"lab","nmm","USA",46.8497148557615
"lab","nmm","MEX",2.96192238389533
"lab","nmm","BRA",6.8628807604068
"lab","nmm","RUS",6.55254636582651
"lab","nmm","LAM",8.16310437086346
"lab","nmm","EUR",59.8583825651941
"lab","nmm","ROE",3.87458436471275
"lab","nmm","ASI",2.96185709404749
"lab","nmm","REA",1.85664825003493
"lab","nmm","ANZ",3.42893097589592
"lab","nmm","MES",8.39437232991395
"lab","nmm","AFR",5.28816449991281
"lab","nmm","IDZ",4.69831798479576
"lab","i_s","CHN",78.6049732776942
"lab","i_s","JPN",21.2682297292192
"lab","i_s","KOR",7.23584625975648
"lab","i_s","TWN",3.45614978144592
"lab","i_s","IND",5.41740398381695
"lab","i_s","CAN",5.03859892255456
"lab","i_s","USA",48.1282198323507
"lab","i_s","MEX",2.49182934300202
"lab","i_s","BRA",5.47818597177882
"lab","i_s","RUS",5.68682749785558
"lab","i_s","LAM",3.68768257375816
"lab","i_s","EUR",47.9097128956175
"lab","i_s","ROE",3.40731195716829
"lab","i_s","ASI",1.42670985155164
"lab","i_s","REA",0.135966183925451
"lab","i_s","ANZ",3.16032288385441
"lab","i_s","MES",2.41399778282343
"lab","i_s","AFR",3.83367512707353
"lab","i_s","IDZ",1.21854392444375
"lab","nfm","CHN",40.2808860126709
"lab","nfm","JPN",8.08764107483874
"lab","nfm","KOR",2.20256234360618
"lab","nfm","TWN",1.25456063226259
"lab","nfm","IND",0.978036426898851
"lab","nfm","CAN",5.07830037211326
"lab","nfm","USA",27.0051254137094
"lab","nfm","MEX",2.35866190287005
"lab","nfm","BRA",1.36076517121208
"lab","nfm","RUS",4.70833563218055
"lab","nfm","LAM",10.4941917306536
"lab","nfm","EUR",35.8593202864901
"lab","nfm","ROE",3.52247881019072
"lab","nfm","ASI",1.7834828804055
"lab","nfm","REA",0.323487956132798
"lab","nfm","ANZ",3.19239803665976
"lab","nfm","MES",3.44326513198122
"lab","nfm","AFR",7.06274373246431
"lab","nfm","IDZ",1.91520074722105
"lab","fmp","CHN",48.9099763720491
"lab","fmp","JPN",36.4811053612424
"lab","fmp","KOR",10.9768159486616
"lab","fmp","TWN",4.86479471593894
"lab","fmp","IND",9.19471138733144
"lab","fmp","CAN",10.5058874666088
"lab","fmp","USA",114.511681812317
"lab","fmp","MEX",2.71172096962695
"lab","fmp","BRA",11.5575984193326
"lab","fmp","RUS",4.33879088527209
"lab","fmp","LAM",5.63541187479662
"lab","fmp","EUR",138.242993780128
"lab","fmp","ROE",2.78796514534962
"lab","fmp","ASI",3.97246196464467
"lab","fmp","REA",0.940122078237882
"lab","fmp","ANZ",7.68179173970731
"lab","fmp","MES",8.4095204827607
"lab","fmp","AFR",6.35268596408245
"lab","fmp","IDZ",6.18691669930814
"lab","mvh","CHN",54.5462072745532
"lab","mvh","JPN",52.3430619907337
"lab","mvh","KOR",15.2481867778353
"lab","mvh","TWN",1.56255789683989
"lab","mvh","IND",6.31377815172549
"lab","mvh","CAN",10.3418275464652
"lab","mvh","USA",91.8809129359089
"lab","mvh","MEX",7.50667959090434
"lab","mvh","BRA",13.2865915600972
"lab","mvh","RUS",3.12018655932506
"lab","mvh","LAM",6.50862116861045
"lab","mvh","EUR",121.996251700372
"lab","mvh","ROE",3.37382708495468
"lab","mvh","ASI",5.17668407908921
"lab","mvh","REA",0.778472274447328
"lab","mvh","ANZ",3.37878208371619
"lab","mvh","MES",5.93181268021103
"lab","mvh","AFR",3.65210077339023
"lab","mvh","IDZ",3.33823128482091
"lab","otn","CHN",31.9007265770158
"lab","otn","JPN",9.36890025673915
"lab","otn","KOR",6.52959720927292
"lab","otn","TWN",1.64283362039496
"lab","otn","IND",4.30785649136303
"lab","otn","CAN",4.27151304543969
"lab","otn","USA",82.1881503515177
"lab","otn","MEX",1.60804318582873
"lab","otn","BRA",3.28983398206626
"lab","otn","RUS",1.24978739710258
"lab","otn","LAM",3.80154599729088
"lab","otn","EUR",59.5569470752501
"lab","otn","ROE",2.98910274548248
"lab","otn","ASI",2.33601293638924
"lab","otn","REA",1.15685155536292
"lab","otn","ANZ",3.24371689319962
"lab","otn","MES",3.63225239574732
"lab","otn","AFR",2.39034337443725
"lab","otn","IDZ",3.10488347372571
"lab","ele","CHN",108.802321343622
"lab","ele","JPN",55.2676472147749
"lab","ele","KOR",17.4030451944523
"lab","ele","TWN",19.130710072647
"lab","ele","IND",1.93393749089397
"lab","ele","CAN",5.27506768165281
"lab","ele","USA",43.3771273446002
"lab","ele","MEX",6.36565726442141
"lab","ele","BRA",12.9589995353085
"lab","ele","RUS",1.22052044764429
"lab","ele","LAM",3.63482380668138
"lab","ele","EUR",51.0773493868321
"lab","ele","ROE",4.46106512389599
"lab","ele","ASI",18.8709241991598
"lab","ele","REA",1.26041263185159
"lab","ele","ANZ",3.82561773994323
"lab","ele","MES",5.97609984607514
"lab","ele","AFR",3.08875291038824
"lab","ele","IDZ",0.704791669421827
"lab","ome","CHN",213.982921790661
"lab","ome","JPN",96.7117193822064
"lab","ome","KOR",24.9634874548038
"lab","ome","TWN",16.1178077223686
"lab","ome","IND",13.9373227009159
"lab","ome","CAN",16.2796951020949
"lab","ome","USA",355.87532610967
"lab","ome","MEX",15.4729039446705
"lab","ome","BRA",16.1346160747525
"lab","ome","RUS",23.9616296058715
"lab","ome","LAM",12.1371117092632
"lab","ome","EUR",351.600581350697
"lab","ome","ROE",7.88320993190828
"lab","ome","ASI",15.2767299082367
"lab","ome","REA",2.28566320344257
"lab","ome","ANZ",7.76838654352541
"lab","ome","MES",13.2723092946875
"lab","ome","AFR",9.26747567972462
"lab","ome","IDZ",3.90734715144909
"lab","omf","CHN",38.6521273578042
"lab","omf","JPN",16.8123886612997
"lab","omf","KOR",10.3080795462081
"lab","omf","TWN",1.38134917074769
"lab","omf","IND",16.1012172716993
"lab","omf","CAN",4.26035144530605
"lab","omf","USA",34.2402524013305
"lab","omf","MEX",1.71085937538147
"lab","omf","BRA",7.837269210999
"lab","omf","RUS",9.54329595998951
"lab","omf","LAM",9.313560799651
"lab","omf","EUR",58.2467232221871
"lab","omf","ROE",1.52410484806168
"lab","omf","ASI",3.3766872798993
"lab","omf","REA",1.26474718888998
"lab","omf","ANZ",2.74725163857843
"lab","omf","MES",4.19383840393191
"lab","omf","AFR",3.56581098300531
"lab","omf","IDZ",1.10223657567969
"lab","ely","CHN",31.4723973729263
"lab","ely","JPN",15.7820752368396
"lab","ely","KOR",3.04393474205313
"lab","ely","TWN",1.06987828084659
"lab","ely","IND",13.8981899753674
"lab","ely","CAN",7.54240935659401
"lab","ely","USA",41.6463211527943
"lab","ely","MEX",2.27907011944739
"lab","ely","BRA",6.69546618686536
"lab","ely","RUS",2.01358393338627
"lab","ely","LAM",5.27625424067628
"lab","ely","EUR",71.6773108451762
"lab","ely","ROE",21.1784900758305
"lab","ely","ASI",1.68821755686436
"lab","ely","REA",5.05971491772981
"lab","ely","ANZ",5.02406575953888
"lab","ely","MES",3.16139792857282
"lab","ely","AFR",3.64650472413096
"lab","ely","IDZ",0.208272634088301
"lab","wtr","CHN",9.68299638386933
"lab","wtr","JPN",5.22947536843728
"lab","wtr","KOR",1.12085554942721
"lab","wtr","TWN",0.407252660000395
"lab","wtr","IND",1.89075574308531
"lab","wtr","CAN",0.265139646998365
"lab","wtr","USA",36.2116276557915
"lab","wtr","MEX",0.102366830532939
"lab","wtr","BRA",5.24670457588099
"lab","wtr","RUS",9.57152266356916
"lab","wtr","LAM",2.83872766506742
"lab","wtr","EUR",15.5959272608097
"lab","wtr","ROE",2.70633249037911
"lab","wtr","ASI",0.969612758292918
"lab","wtr","REA",0.424100044387822
"lab","wtr","ANZ",2.06324924751963
"lab","wtr","MES",5.47942189469003
"lab","wtr","AFR",3.27284124381344
"lab","wtr","IDZ",0.347148889719294
"lab","cns","CHN",375.804534008482
"lab","cns","JPN",200.638136843785
"lab","cns","KOR",45.2312702643023
"lab","cns","TWN",8.75147115721312
"lab","cns","IND",117.050284285253
"lab","cns","CAN",77.4776599625679
"lab","cns","USA",694.326090452868
"lab","cns","MEX",29.4767282166912
"lab","cns","BRA",61.1492869853494
"lab","cns","RUS",51.5681153963547
"lab","cns","LAM",72.4565204931043
"lab","cns","EUR",443.315341048367
"lab","cns","ROE",45.1310711499882
"lab","cns","ASI",26.7522377805209
"lab","cns","REA",13.6308978183131
"lab","cns","ANZ",88.9373727641516
"lab","cns","MES",64.7192824831158
"lab","cns","AFR",48.9652358287762
"lab","cns","IDZ",46.7689828143191
"lab","trd","CHN",303.424963497672
"lab","trd","JPN",452.32205055218
"lab","trd","KOR",49.9100635273717
"lab","trd","TWN",38.7408745491234
"lab","trd","IND",95.2191056578354
"lab","trd","CAN",134.641184306088
"lab","trd","USA",1246.1456655151
"lab","trd","MEX",38.0840172933071
"lab","trd","BRA",162.618950474385
"lab","trd","RUS",35.6862881466866
"lab","trd","LAM",111.122254170437
"lab","trd","EUR",583.080913928489
"lab","trd","ROE",60.5356475573857
"lab","trd","ASI",62.2649479724716
"lab","trd","REA",33.0223920247599
"lab","trd","ANZ",130.795412257157
"lab","trd","MES",42.6313441672477
"lab","trd","AFR",120.788233390612
"lab","trd","IDZ",61.2350370086962
"lab","otp","CHN",161.721037192912
"lab","otp","JPN",122.448534457506
"lab","otp","KOR",22.2907548879494
"lab","otp","TWN",6.36472775364468
"lab","otp","IND",63.1123404025938
"lab","otp","CAN",17.935007602112
"lab","otp","USA",186.610535080243
"lab","otp","MEX",20.7074624209047
"lab","otp","BRA",44.8830808149207
"lab","otp","RUS",26.5740193623085
"lab","otp","LAM",36.9499125852082
"lab","otp","EUR",185.734952941879
"lab","otp","ROE",36.1941629065367
"lab","otp","ASI",14.8133570907007
"lab","otp","REA",19.9848391688171
"lab","otp","ANZ",39.5094546091994
"lab","otp","MES",15.6178573755749
"lab","otp","AFR",29.1108308170025
"lab","otp","IDZ",9.20646461714332
"lab","wtp","CHN",41.5452400936055
"lab","wtp","JPN",16.5476769002138
"lab","wtp","KOR",1.53327409519457
"lab","wtp","TWN",0.547611433575834
"lab","wtp","IND",8.47294724561144
"lab","wtp","CAN",1.67365724166291
"lab","wtp","USA",19.5675955261528
"lab","wtp","MEX",0.63863084733368
"lab","wtp","BRA",4.30817192321973
"lab","wtp","RUS",2.82835580416989
"lab","wtp","LAM",1.63340129814281
"lab","wtp","EUR",22.984922472349
"lab","wtp","ROE",4.89565097997922
"lab","wtp","ASI",4.41527778048681
"lab","wtp","REA",4.28096740433907
"lab","wtp","ANZ",1.60156118411524
"lab","wtp","MES",1.54810452281066
"lab","wtp","AFR",2.42239921190017
"lab","wtp","IDZ",1.23269432317609
"lab","atp","CHN",10.3529261324713
"lab","atp","JPN",4.75204290933634
"lab","atp","KOR",2.71789954077916
"lab","atp","TWN",1.12367311441507
"lab","atp","IND",2.48120994206219
"lab","atp","CAN",2.89791329305286
"lab","atp","USA",44.0443478434632
"lab","atp","MEX",0.688301634463913
"lab","atp","BRA",5.89595889703962
"lab","atp","RUS",4.75318418748701
"lab","atp","LAM",3.0384996975026
"lab","atp","EUR",26.3874257175808
"lab","atp","ROE",2.60635685573215
"lab","atp","ASI",6.92033185526939
"lab","atp","REA",1.69581334006339
"lab","atp","ANZ",3.50627041123896
"lab","atp","MES",2.3809310478631
"lab","atp","AFR",4.26503896796482
"lab","atp","IDZ",0.664747410165438
"lab","cmn","CHN",40.8771935850985
"lab","cmn","JPN",40.9926537377858
"lab","cmn","KOR",7.0939070279405
"lab","cmn","TWN",3.80154096495235
"lab","cmn","IND",8.07835646726084
"lab","cmn","CAN",20.4664914582142
"lab","cmn","USA",116.076816629941
"lab","cmn","MEX",6.53460574056771
"lab","cmn","BRA",31.2953212813305
"lab","cmn","RUS",7.13309633187515
"lab","cmn","LAM",14.0284547017038
"lab","cmn","EUR",144.888674686599
"lab","cmn","ROE",9.87629189626265
"lab","cmn","ASI",6.51107187841686
"lab","cmn","REA",2.32129820704744
"lab","cmn","ANZ",10.1992622403567
"lab","cmn","MES",11.57462387464
"lab","cmn","AFR",15.3654013841698
"lab","cmn","IDZ",3.57586416053298
"lab","ofi","CHN",124.553823882006
"lab","ofi","JPN",68.6154795437716
"lab","ofi","KOR",22.7995040778987
"lab","ofi","TWN",12.961624578087
"lab","ofi","IND",28.4191225016378
"lab","ofi","CAN",42.123066440215
"lab","ofi","USA",814.631379968257
"lab","ofi","MEX",8.78221747663081
"lab","ofi","BRA",41.8894462278949
"lab","ofi","RUS",18.903386784027
"lab","ofi","LAM",29.633000909504
"lab","ofi","EUR",248.484302448391
"lab","ofi","ROE",45.8063478733802
"lab","ofi","ASI",20.0554564302837
"lab","ofi","REA",5.13754243862067
"lab","ofi","ANZ",55.2343547606479
"lab","ofi","MES",14.4259767283232
"lab","ofi","AFR",25.9954955368072
"lab","ofi","IDZ",7.23440672819154
"cap","isr","CHN",7.76306733338403
"cap","isr","JPN",28.6884131446416
"cap","isr","KOR",8.70840124088525
"cap","isr","TWN",3.38592143186833
"cap","isr","IND",13.7691700732652
"cap","isr","CAN",7.82962610202743
"cap","isr","USA",41.0163523407734
"cap","isr","MEX",4.89211487141499
"cap","isr","BRA",19.6373912036589
"cap","isr","RUS",4.49321347394585
"cap","isr","LAM",4.85386356042564
"cap","isr","EUR",62.1194972649749
"cap","isr","ROE",2.91016076110216
"cap","isr","ASI",9.84895449626597
"cap","isr","REA",2.87904477486508
"cap","isr","ANZ",4.11721527684672
"cap","isr","MES",5.84746664288793
"cap","isr","AFR",16.3655793183945
"cap","isr","IDZ",1.44650405794439
"cap","obs","CHN",192.343596080836
"cap","obs","JPN",253.006533116467
"cap","obs","KOR",47.4193097331453
"cap","obs","TWN",11.5562025692057
"cap","obs","IND",31.8905732937087
"cap","obs","CAN",66.6670608084752
"cap","obs","USA",213.849355210191
"cap","obs","MEX",59.8333985630445
"cap","obs","BRA",82.4730227368332
"cap","obs","RUS",81.6239408464688
"cap","obs","LAM",115.111411128955
"cap","obs","EUR",1181.56720444963
"cap","obs","ROE",39.3193953971359
"cap","obs","ASI",40.2693525757004
"cap","obs","REA",14.1749091014776
"cap","obs","ANZ",73.5695989640187
"cap","obs","MES",84.2466654310357
"cap","obs","AFR",54.3141421200412
"cap","obs","IDZ",5.19961156121889
"cap","ros","CHN",42.5754642460123
"cap","ros","JPN",91.9527792612579
"cap","ros","KOR",11.2333938637018
"cap","ros","TWN",5.26298920712705
"cap","ros","IND",2.02154875299415
"cap","ros","CAN",8.75761492958794
"cap","ros","USA",114.333206808918
"cap","ros","MEX",45.4995682298148
"cap","ros","BRA",6.96083146421476
"cap","ros","RUS",2.79951441888518
"cap","ros","LAM",31.9932784024177
"cap","ros","EUR",242.359699847687
"cap","ros","ROE",24.4178984621794
"cap","ros","ASI",9.08028015144776
"cap","ros","REA",4.60420830876146
"cap","ros","ANZ",16.9434756245828
"cap","ros","MES",16.6784291968569
"cap","ros","AFR",9.39196262416372
"cap","ros","IDZ",5.53513743535407
"cap","osg","CHN",105.314898847503
"cap","osg","JPN",294.924904179581
"cap","osg","KOR",55.7859687141743
"cap","osg","TWN",7.78553123469151
"cap","osg","IND",33.5358196609998
"cap","osg","CAN",48.8042117094753
"cap","osg","USA",527.300290312355
"cap","osg","MEX",27.3926643092483
"cap","osg","BRA",48.8305989489645
"cap","osg","RUS",39.7870806179743
"cap","osg","LAM",43.4662569148982
"cap","osg","EUR",740.841208202829
"cap","osg","ROE",25.5463782777201
"cap","osg","ASI",18.4393591111981
"cap","osg","REA",11.3783118250759
"cap","osg","ANZ",39.8273398457626
"cap","osg","MES",98.5776988916032
"cap","osg","AFR",38.8565331551492
"cap","osg","IDZ",7.92754664217405
"cap","dwe","CHN",197.429644960723
"cap","dwe","JPN",549.644621610553
"cap","dwe","KOR",60.602148405223
"cap","dwe","TWN",31.960590319026
"cap","dwe","IND",71.0030132167658
"cap","dwe","CAN",94.2852009593814
"cap","dwe","USA",1067.84277713531
"cap","dwe","MEX",103.11730975958
"cap","dwe","BRA",131.844835100191
"cap","dwe","RUS",0.997940582938116
"cap","dwe","LAM",77.9320095062087
"cap","dwe","EUR",1154.31478386777
"cap","dwe","ROE",9.793656099159
"cap","dwe","ASI",30.1664662075571
"cap","dwe","REA",25.6431392257941
"cap","dwe","ANZ",108.954676559535
"cap","dwe","MES",69.9955849637621
"cap","dwe","AFR",42.5406450211006
"cap","dwe","IDZ",91.8185652165783
"cap","pdr","CHN",7.99579094974668
"cap","pdr","JPN",3.61712233382806
"cap","pdr","KOR",0.497642607523526
"cap","pdr","TWN",0.0597056776779374
"cap","pdr","IND",4.04079756871957
"cap","pdr","USA",0.439136054570549
"cap","pdr","MEX",0.0113469201631731
"cap","pdr","BRA",1.46021651979701
"cap","pdr","RUS",0.0602648274148709
"cap","pdr","LAM",1.01469297437537
"cap","pdr","EUR",0.179408085158984
"cap","pdr","ROE",0.103171724016486
"cap","pdr","ASI",0.700230592761067
"cap","pdr","REA",3.10708074080366
"cap","pdr","ANZ",0.0372596530940423
"cap","pdr","MES",0.892247282656741
"cap","pdr","AFR",3.71486202576749
"cap","pdr","IDZ",1.28981599346226
"cap","wht","CHN",2.45599345359013
"cap","wht","JPN",0.0918121741181726
"cap","wht","IND",2.52590676018525
"cap","wht","CAN",1.50267543977532
"cap","wht","USA",3.53316500571892
"cap","wht","MEX",0.144827061297026
"cap","wht","BRA",0.863351709576139
"cap","wht","RUS",0.888867803068488
"cap","wht","LAM",0.993009125821543
"cap","wht","EUR",3.85727013930333
"cap","wht","ROE",1.65228179424376
"cap","wht","REA",1.15094835842084
"cap","wht","ANZ",1.37422836849502
"cap","wht","MES",2.60061913277249
"cap","wht","AFR",2.50110616655952
"cap","gro","CHN",4.41398885466127
"cap","gro","TWN",0.0113963301812763
"cap","gro","IND",1.50420592020175
"cap","gro","CAN",0.660794265741565
"cap","gro","USA",11.4040951215291
"cap","gro","MEX",1.23300007478074
"cap","gro","BRA",5.65142028037344
"cap","gro","RUS",0.461678880586227
"cap","gro","LAM",2.49790851971939
"cap","gro","EUR",3.97651371548176
"cap","gro","ROE",1.13220508881496
"cap","gro","ASI",0.125575154631243
"cap","gro","REA",0.240232111763914
"cap","gro","ANZ",0.321440499364975
"cap","gro","MES",2.23882435496766
"cap","gro","AFR",8.58638668687301
"cap","gro","IDZ",0.306356442658408
"cap","v_f","CHN",29.8942545998841
"cap","v_f","JPN",5.78807328962602
"cap","v_f","KOR",0.878211544980459
"cap","v_f","TWN",0.26598597013795
"cap","v_f","IND",14.139422211649
"cap","v_f","CAN",1.25052420485189
"cap","v_f","USA",12.8922241678802
"cap","v_f","MEX",3.88047758678224
"cap","v_f","BRA",2.08690592212439
"cap","v_f","RUS",3.02943754266142
"cap","v_f","LAM",7.23197955850688
"cap","v_f","EUR",11.7098625942187
"cap","v_f","ROE",10.293700645948
"cap","v_f","ASI",0.859134126478109
"cap","v_f","REA",2.62866254214052
"cap","v_f","ANZ",1.92741334124825
"cap","v_f","MES",10.7751911252549
"cap","v_f","AFR",26.5167868782836
"cap","v_f","IDZ",1.8098192422672
"cap","osd","CHN",3.68000721074443
"cap","osd","JPN",0.0634755457030712
"cap","osd","KOR",0.051357991174188
"cap","osd","IND",3.66228406280135
"cap","osd","CAN",1.89633629697102
"cap","osd","USA",6.85623451567801
"cap","osd","MEX",0.0153500529745971
"cap","osd","BRA",12.0226765477659
"cap","osd","RUS",0.293758354597658
"cap","osd","LAM",3.81659362750605
"cap","osd","EUR",2.01281536878343
"cap","osd","ROE",0.534388328942965
"cap","osd","ASI",0.856138918755163
"cap","osd","REA",0.585736036532093
"cap","osd","ANZ",0.352681084668573
"cap","osd","MES",0.575884188386478
"cap","osd","AFR",4.00245182787268
"cap","osd","IDZ",0.759961813798996
"cap","c_b","CHN",0.796189689852719
"cap","c_b","JPN",0.140007024459286
"cap","c_b","TWN",0.00742965757982606
"cap","c_b","IND",2.03468602356363
"cap","c_b","CAN",0.10690669404236
"cap","c_b","USA",0.744167479685612
"cap","c_b","MEX",0.580091839624402
"cap","c_b","BRA",12.7184935175587
"cap","c_b","RUS",0.169954276846971
"cap","c_b","LAM",1.03939721918656
"cap","c_b","EUR",0.599383355763903
"cap","c_b","ROE",0.289343353570779
"cap","c_b","ASI",0.135154307749159
"cap","c_b","REA",0.490540848312796
"cap","c_b","ANZ",0.224013757864775
"cap","c_b","MES",0.158853120681931
"cap","c_b","AFR",1.1915453333466
"cap","c_b","IDZ",0.0820235089961977
"cap","pfb","CHN",1.21112614759459
"cap","pfb","TWN",0.00228346058505445
"cap","pfb","IND",2.23849024338945
"cap","pfb","CAN",0.0278050275573023
"cap","pfb","USA",1.66377184608691
"cap","pfb","MEX",0.134392714581578
"cap","pfb","BRA",1.93625718986056
"cap","pfb","RUS",0.000529218929359664
"cap","pfb","LAM",0.200604717633086
"cap","pfb","EUR",0.220675624612529
"cap","pfb","ROE",0.476805951759258
"cap","pfb","ASI",0.00859145111198374
"cap","pfb","REA",0.809976500298191
"cap","pfb","ANZ",0.134617844372991
"cap","pfb","MES",1.10359660556781
"cap","pfb","AFR",1.3876417678513
"cap","pfb","IDZ",0.00559480086658479
"cap","ocr","CHN",0.682777578722287
"cap","ocr","JPN",3.80513221514015
"cap","ocr","KOR",0.288758246337712
"cap","ocr","TWN",0.0271122875365842
"cap","ocr","IND",8.69107389510243
"cap","ocr","CAN",0.717035328247983
"cap","ocr","USA",4.54815371906746
"cap","ocr","MEX",1.27741763070578
"cap","ocr","BRA",16.5452129601797
"cap","ocr","RUS",0.00749695355052834
"cap","ocr","LAM",4.57327801517969
"cap","ocr","EUR",10.3226136343802
"cap","ocr","ROE",0.672532802045769
"cap","ocr","ASI",0.228377893128264
"cap","ocr","REA",1.56583253061586
"cap","ocr","ANZ",0.961139534364261
"cap","ocr","MES",0.741178059793102
"cap","ocr","AFR",3.94660215217278
"cap","ocr","IDZ",1.33743412915181
"cap","ctl","CHN",5.31602277811571
"cap","ctl","JPN",0.579088921847886
"cap","ctl","KOR",0.120875308211928
"cap","ctl","TWN",0.00119789323167512
"cap","ctl","IND",1.20384923587125
"cap","ctl","CAN",0.645563766608407
"cap","ctl","USA",4.08789468275028
"cap","ctl","MEX",0.688989950925605
"cap","ctl","BRA",10.5734700692975
"cap","ctl","RUS",0.350824525565461
"cap","ctl","LAM",3.28572265002728
"cap","ctl","EUR",3.81632967107523
"cap","ctl","ROE",2.03431861356349
"cap","ctl","ASI",0.0891850982623083
"cap","ctl","REA",0.869603758051023
"cap","ctl","ANZ",1.88818602567347
"cap","ctl","MES",1.65934812419859
"cap","ctl","AFR",4.37112386863076
"cap","ctl","IDZ",0.120482546094964
"cap","oap","CHN",16.6791504035989
"cap","oap","JPN",0.814855753362294
"cap","oap","KOR",0.151055711717155
"cap","oap","TWN",0.123199738444575
"cap","oap","IND",2.39417670654804
"cap","oap","CAN",0.967219483889631
"cap","oap","USA",3.98106419411611
"cap","oap","MEX",1.24292252382929
"cap","oap","BRA",7.68770866605692
"cap","oap","RUS",0.564923157145692
"cap","oap","LAM",3.19797078018231
"cap","oap","EUR",7.97262477631817
"cap","oap","ROE",1.09855193515234
"cap","oap","ASI",0.573818076933762
"cap","oap","REA",0.625439792879852
"cap","oap","ANZ",0.606510286382196
"cap","oap","MES",2.55518388999138
"cap","oap","AFR",2.84466327793962
"cap","oap","IDZ",0.281260168711838
"cap","rmk","CHN",1.43712699508806
"cap","rmk","JPN",1.08647687686351
"cap","rmk","KOR",0.0647284627941144
"cap","rmk","TWN",0.00576786478716094
"cap","rmk","IND",10.4075906199499
"cap","rmk","CAN",0.866991030624829
"cap","rmk","USA",2.76104654332486
"cap","rmk","MEX",0.406032340362954
"cap","rmk","BRA",4.69213477340998
"cap","rmk","RUS",0.782136852828691
"cap","rmk","LAM",2.10146263952769
"cap","rmk","EUR",9.00416629953357
"cap","rmk","ROE",2.03261597242601
"cap","rmk","ASI",0.0218034816850841
"cap","rmk","REA",0.881586187706424
"cap","rmk","ANZ",1.61980723279292
"cap","rmk","MES",3.40989650582984
"cap","rmk","AFR",1.00445672363823
"cap","rmk","IDZ",0.0109685023583682
"cap","wol","CHN",0.92257118017373
"cap","wol","JPN",0.116261630728373
"cap","wol","KOR",0.00735425173995588
"cap","wol","IND",0.218890771523551
"cap","wol","CAN",0.0011504432913889
"cap","wol","BRA",1.76881664439856
"cap","wol","RUS",0.0172932626467096
"cap","wol","LAM",0.0936999582443233
"cap","wol","EUR",0.0397086773683498
"cap","wol","ROE",0.10144532330823
"cap","wol","ASI",0.00291157551856082
"cap","wol","REA",0.0498843296126217
"cap","wol","ANZ",0.264894511079949
"cap","wol","MES",0.13543507181164
"cap","wol","AFR",0.353151984670786
"cap","wol","IDZ",0.00797572248634121
"cap","frs","CHN",10.6748792957455
"cap","frs","JPN",2.9981686011608
"cap","frs","KOR",0.599937369670492
"cap","frs","TWN",0.015483023973444
"cap","frs","IND",6.23794690427696
"cap","frs","CAN",2.06182197343744
"cap","frs","USA",5.93927695415342
"cap","frs","MEX",2.5135639508355
"cap","frs","BRA",1.12939084146848
"cap","frs","RUS",2.49540805919349
"cap","frs","LAM",3.30378805951717
"cap","frs","EUR",19.7763103939234
"cap","frs","ROE",1.71732035460073
"cap","frs","ASI",2.88740198785975
"cap","frs","REA",4.98538962989999
"cap","frs","ANZ",1.34089483801297
"cap","frs","MES",0.517502629121764
"cap","frs","AFR",5.80238313333326
"cap","frs","IDZ",3.71717933621639
"cap","fsh","CHN",11.4147196877547
"cap","fsh","JPN",3.03545799857264
"cap","fsh","KOR",0.571882328179964
"cap","fsh","TWN",0.43533785099126
"cap","fsh","IND",5.1115411060659
"cap","fsh","CAN",0.434194731377075
"cap","fsh","USA",1.73265126642966
"cap","fsh","MEX",0.436941374917921
"cap","fsh","BRA",0.0974019189307791
"cap","fsh","RUS",0.685257678610306
"cap","fsh","LAM",2.67794043512395
"cap","fsh","EUR",6.66643242080096
"cap","fsh","ROE",0.949044158325028
"cap","fsh","ASI",4.67781865221889
"cap","fsh","REA",6.6279199153661
"cap","fsh","ANZ",0.254655137852691
"cap","fsh","MES",0.527098512414433
"cap","fsh","AFR",4.64015277702019
"cap","fsh","IDZ",3.85630071738705
"cap","coa","CHN",17.5133201920692
"cap","coa","KOR",0.00494881053734423
"cap","coa","IND",3.4647727353638
"cap","coa","CAN",1.257954059767
"cap","coa","USA",9.9659685562841
"cap","coa","MEX",0.213842891232729
"cap","coa","BRA",0.0307105658645512
"cap","coa","RUS",1.17711746141043
"cap","coa","LAM",3.4909013955034
"cap","coa","EUR",3.29868082831554
"cap","coa","ROE",1.52629626476623
"cap","coa","ASI",0.465404573658861
"cap","coa","REA",2.11963625065863
"cap","coa","ANZ",10.4063007556536
"cap","coa","MES",0.0476572358385014
"cap","coa","AFR",2.54273866320114
"cap","coa","IDZ",18.355097895741
"cap","oil","CHN",28.9144371912268
"cap","oil","IND",6.93978897070027
"cap","oil","CAN",34.5418452645072
"cap","oil","USA",72.3579684885516
"cap","oil","MEX",6.98295693502844
"cap","oil","BRA",11.1310934339751
"cap","oil","RUS",115.754210495855
"cap","oil","LAM",66.1227605854806
"cap","oil","EUR",62.2233749326855
"cap","oil","ROE",30.3524861478574
"cap","oil","ASI",10.4641487940632
"cap","oil","REA",7.07808594944009
"cap","oil","ANZ",6.60844924047616
"cap","oil","MES",475.551118371297
"cap","oil","AFR",118.463444644061
"cap","oil","IDZ",19.5010204040178
"cap","gas","CHN",0.186424836198661
"cap","gas","JPN",0.551062668096687
"cap","gas","KOR",0.0854188196352184
"cap","gas","TWN",0.010582065454807
"cap","gas","IND",6.88098745734026
"cap","gas","CAN",8.54185929778084
"cap","gas","USA",30.3087493641361
"cap","gas","MEX",1.05159402781766
"cap","gas","BRA",0.513292736404312
"cap","gas","RUS",21.8292217422865
"cap","gas","LAM",5.89363510912044
"cap","gas","EUR",36.4112833528311
"cap","gas","ROE",8.30000379309284
"cap","gas","ASI",11.1907158067468
"cap","gas","REA",6.33430783017774
"cap","gas","ANZ",6.95769126207559
"cap","gas","MES",50.3921709068076
"cap","gas","AFR",35.6011423986571
"cap","gas","IDZ",12.427747024537
"cap","omn","CHN",49.9911326050518
"cap","omn","JPN",1.13258120411143
"cap","omn","KOR",1.11653115571074
"cap","omn","TWN",0.389107925624502
"cap","omn","IND",8.09965339521631
"cap","omn","CAN",6.35501840030207
"cap","omn","USA",7.27339262707712
"cap","omn","MEX",6.64858616610653
"cap","omn","BRA",22.2411639712223
"cap","omn","RUS",5.73913517405395
"cap","omn","LAM",19.1281223431659
"cap","omn","EUR",14.3368749146258
"cap","omn","ROE",5.89888399332861
"cap","omn","ASI",4.33989644225096
"cap","omn","REA",3.03805089164624
"cap","omn","ANZ",49.7774879899623
"cap","omn","MES",13.4536899124323
"cap","omn","AFR",18.0223155370567
"cap","omn","IDZ",13.3987649588959
"cap","cmt","CHN",2.10277603962449
"cap","cmt","JPN",2.67258685997207
"cap","cmt","KOR",0.339689369316869
"cap","cmt","TWN",0.198968889714974
"cap","cmt","IND",0.312671631416632
"cap","cmt","CAN",2.05933997501059
"cap","cmt","USA",5.86532042079719
"cap","cmt","MEX",1.4977517682704
"cap","cmt","BRA",2.84984040111927
"cap","cmt","RUS",8.25687056614041
"cap","cmt","LAM",5.2976237257616
"cap","cmt","EUR",8.62340804255348
"cap","cmt","ROE",3.09310949752989
"cap","cmt","ASI",0.762581917770498
"cap","cmt","REA",2.62922679722369
"cap","cmt","ANZ",1.52541757101501
"cap","cmt","MES",0.868336327794031
"cap","cmt","AFR",6.99553378421733
"cap","cmt","IDZ",0.610467847891475
"cap","omt","CHN",4.16453557004299
"cap","omt","JPN",1.01706395153477
"cap","omt","KOR",0.194950133481227
"cap","omt","TWN",0.0800444968436875
"cap","omt","IND",0.0449774939112351
"cap","omt","CAN",0.562191323568256
"cap","omt","USA",3.62549409120102
"cap","omt","MEX",1.89776822384146
"cap","omt","BRA",2.36904860029244
"cap","omt","RUS",2.52493409992904
"cap","omt","LAM",4.26251750478206
"cap","omt","EUR",32.6987301525943
"cap","omt","ROE",1.60099841515106
"cap","omt","ASI",2.35756165578459
"cap","omt","REA",1.02928734409647
"cap","omt","ANZ",0.654261628042013
"cap","omt","MES",1.04069695524583
"cap","omt","AFR",2.02766873838021
"cap","omt","IDZ",1.45810329750371
"cap","vol","CHN",6.52756212830662
"cap","vol","JPN",0.316340124071579
"cap","vol","KOR",0.0943997584469748
"cap","vol","TWN",0.0781997229844025
"cap","vol","IND",3.19164822691981
"cap","vol","CAN",1.17161794997659
"cap","vol","USA",0.887385929002624
"cap","vol","MEX",0.224132063406628
"cap","vol","BRA",2.87639933379149
"cap","vol","RUS",1.11655465543278
"cap","vol","LAM",2.65121199947205
"cap","vol","EUR",6.71678221646691
"cap","vol","ROE",1.75470175032671
"cap","vol","ASI",4.1166177700113
"cap","vol","REA",0.63898303008295
"cap","vol","ANZ",0.191852687101966
"cap","vol","MES",0.448902620822956
"cap","vol","AFR",0.640160689945509
"cap","vol","IDZ",5.52108375938347
"cap","mil","CHN",3.26557848960965
"cap","mil","JPN",3.56383447246277
"cap","mil","KOR",0.535887277770379
"cap","mil","TWN",0.0662815587507521
"cap","mil","IND",1.47282861296922
"cap","mil","CAN",1.87261907318838
"cap","mil","USA",9.63878016790524
"cap","mil","MEX",4.89728344127278
"cap","mil","BRA",2.42779875934399
"cap","mil","RUS",4.66706455720536
"cap","mil","LAM",4.80421194411869
"cap","mil","EUR",28.0861789536856
"cap","mil","ROE",5.29615164358665
"cap","mil","ASI",1.37279458759688
"cap","mil","REA",15.0516425206804
"cap","mil","ANZ",1.97129428590008
"cap","mil","MES",2.16763068702687
"cap","mil","AFR",2.98834202968026
"cap","mil","IDZ",0.49996535820403
"cap","pcr","CHN",1.67147818760442
"cap","pcr","JPN",3.89456317681881
"cap","pcr","KOR",0.0412522077693522
"cap","pcr","TWN",0.15411270739097
"cap","pcr","IND",5.6003970081554
"cap","pcr","CAN",0.00498361305167031
"cap","pcr","USA",0.4893468861409
"cap","pcr","MEX",0.252477374188841
"cap","pcr","BRA",1.55732454812352
"cap","pcr","RUS",0.0595142411165511
"cap","pcr","LAM",1.08049109602319
"cap","pcr","EUR",1.56072812542055
"cap","pcr","ROE",0.24662400683985
"cap","pcr","ASI",1.3913430115154
"cap","pcr","REA",13.0396081919265
"cap","pcr","ANZ",0.289787129342099
"cap","pcr","MES",0.783008912038579
"cap","pcr","AFR",0.422323150173439
"cap","pcr","IDZ",0.877722542287285
"cap","sgr","CHN",0.776456343297335
"cap","sgr","JPN",1.06937922495047
"cap","sgr","KOR",0.0595257399285326
"cap","sgr","TWN",0.0278027563015054
"cap","sgr","IND",1.50395772329973
"cap","sgr","CAN",0.160340997173046
"cap","sgr","USA",0.562280311752906
"cap","sgr","MEX",1.76432566382194
"cap","sgr","BRA",3.15714493361189
"cap","sgr","RUS",0.583737742417209
"cap","sgr","LAM",3.54028690257626
"cap","sgr","EUR",5.5551496369049
"cap","sgr","ROE",0.969030759760906
"cap","sgr","ASI",2.05272478401958
"cap","sgr","REA",1.70726506381188
"cap","sgr","ANZ",0.604681980773887
"cap","sgr","MES",0.23550639761159
"cap","sgr","AFR",1.65183049836621
"cap","sgr","IDZ",0.373495917843622
"cap","ofd","CHN",42.4804071352096
"cap","ofd","JPN",29.2092409027837
"cap","ofd","KOR",2.04221196431945
"cap","ofd","TWN",0.552538196330046
"cap","ofd","IND",3.11726959462279
"cap","ofd","CAN",7.89316842757343
"cap","ofd","USA",53.664007033085
"cap","ofd","MEX",22.6933133747252
"cap","ofd","BRA",8.18317657484669
"cap","ofd","RUS",9.36871404869928
"cap","ofd","LAM",21.976127787172
"cap","ofd","EUR",91.8341146069417
"cap","ofd","ROE",13.4003273175547
"cap","ofd","ASI",10.5669991804175
"cap","ofd","REA",12.9022622700339
"cap","ofd","ANZ",5.40335476625935
"cap","ofd","MES",14.3973471156245
"cap","ofd","AFR",12.5422100951496
"cap","ofd","IDZ",9.37724777002873
"cap","b_t","CHN",29.9182907334048
"cap","b_t","JPN",23.1290679416472
"cap","b_t","KOR",1.88536646734854
"cap","b_t","TWN",0.75207589779177
"cap","b_t","IND",2.99591265778773
"cap","b_t","CAN",5.64386016677164
"cap","b_t","USA",29.347873777931
"cap","b_t","MEX",6.55824158235911
"cap","b_t","BRA",4.51246685966813
"cap","b_t","RUS",4.00150279241694
"cap","b_t","LAM",14.0248104800295
"cap","b_t","EUR",56.3804299876544
"cap","b_t","ROE",5.17599135902837
"cap","b_t","ASI",4.59253391019951
"cap","b_t","REA",4.89476139617008
"cap","b_t","ANZ",4.82688718659123
"cap","b_t","MES",4.58881633296509
"cap","b_t","AFR",16.9975828400524
"cap","b_t","IDZ",2.30619577311039
"cap","tex","CHN",38.1731742267988
"cap","tex","JPN",1.25196702795196
"cap","tex","KOR",2.29249412439349
"cap","tex","TWN",1.76969002750318
"cap","tex","IND",10.1016973132213
"cap","tex","CAN",1.15849070449064
"cap","tex","USA",13.5454483260649
"cap","tex","MEX",1.51188280566644
"cap","tex","BRA",6.71698327876171
"cap","tex","RUS",0.236296722242463
"cap","tex","LAM",5.39457090609575
"cap","tex","EUR",24.524848969333
"cap","tex","ROE",12.2963782908185
"cap","tex","ASI",5.10528699274667
"cap","tex","REA",7.37576898706368
"cap","tex","ANZ",1.34547402992191
"cap","tex","MES",4.09477122508261
"cap","tex","AFR",8.5478819137547
"cap","tex","IDZ",5.71861717999535
"cap","wap","CHN",17.0843477065944
"cap","wap","JPN",1.71816248043438
"cap","wap","KOR",2.48382782812016
"cap","wap","TWN",0.312056500249136
"cap","wap","IND",2.03496646202545
"cap","wap","CAN",1.05594828953643
"cap","wap","USA",4.37397151191056
"cap","wap","MEX",3.05184811433022
"cap","wap","BRA",1.11908490793283
"cap","wap","RUS",2.0783800121443
"cap","wap","LAM",7.74619209394715
"cap","wap","EUR",21.9099364506866
"cap","wap","ROE",7.33281978974209
"cap","wap","ASI",4.55566091918303
"cap","wap","REA",5.31471127670958
"cap","wap","ANZ",1.02288512594947
"cap","wap","MES",2.3100947035185
"cap","wap","AFR",9.21774927050451
"cap","wap","IDZ",1.57977199817746
"cap","lea","CHN",11.919693931696
"cap","lea","JPN",0.768953699566672
"cap","lea","KOR",0.493018334531539
"cap","lea","TWN",0.102498879451077
"cap","lea","IND",0.845284870746455
"cap","lea","CAN",0.1224542786959
"cap","lea","USA",1.49570159472652
"cap","lea","MEX",1.57910019162665
"cap","lea","BRA",1.0543816219245
"cap","lea","RUS",0.252462824206015
"cap","lea","LAM",3.14982740627993
"cap","lea","EUR",12.6497446394294
"cap","lea","ROE",1.6358464965503
"cap","lea","ASI",1.79128353166036
"cap","lea","REA",1.44145809860006
"cap","lea","ANZ",0.195135318349945
"cap","lea","MES",0.570747599877099
"cap","lea","AFR",2.32618840152594
"cap","lea","IDZ",1.92992312463713
"cap","lum","CHN",18.7482160305471
"cap","lum","JPN",4.12183864041256
"cap","lum","KOR",0.588890449433816
"cap","lum","TWN",0.314762894291238
"cap","lum","IND",1.39031056035087
"cap","lum","CAN",4.84658492490569
"cap","lum","USA",21.9803358125164
"cap","lum","MEX",3.36192573738084
"cap","lum","BRA",3.08833947276253
"cap","lum","RUS",0.901413253239055
"cap","lum","LAM",5.28642591220974
"cap","lum","EUR",33.4067663488221
"cap","lum","ROE",2.11097827390269
"cap","lum","ASI",4.34379297064047
"cap","lum","REA",2.69033101316672
"cap","lum","ANZ",2.06404220009304
"cap","lum","MES",2.29934930558439
"cap","lum","AFR",5.73459768731315
"cap","lum","IDZ",3.64524964075928
"cap","ppp","CHN",31.8297292962379
"cap","ppp","JPN",24.1520807904122
"cap","ppp","KOR",4.56849996951358
"cap","ppp","TWN",1.82390211935644
"cap","ppp","IND",2.37348506472276
"cap","ppp","CAN",9.75858783060143
"cap","ppp","USA",67.1620963131078
"cap","ppp","MEX",3.30735044020579
"cap","ppp","BRA",13.6489901596186
"cap","ppp","RUS",4.20103357513086
"cap","ppp","LAM",11.788091795827
"cap","ppp","EUR",106.342526739109
"cap","ppp","ROE",7.32277086394811
"cap","ppp","ASI",5.55540991188897
"cap","ppp","REA",2.03646338764894
"cap","ppp","ANZ",9.67520187311981
"cap","ppp","MES",3.51661006488002
"cap","ppp","AFR",5.72908419088358
"cap","ppp","IDZ",4.90850592024509
"cap","p_c","CHN",15.8926006800518
"cap","p_c","JPN",3.41084248843651
"cap","p_c","KOR",4.19052651648106
"cap","p_c","TWN",1.44712901618055
"cap","p_c","IND",10.882896488774
"cap","p_c","CAN",3.89867263947484
"cap","p_c","USA",7.25046983120059
"cap","p_c","MEX",4.44638716611304
"cap","p_c","BRA",2.55159728927658
"cap","p_c","RUS",11.2946920149228
"cap","p_c","LAM",11.5860518915719
"cap","p_c","EUR",17.5192592303091
"cap","p_c","ROE",3.20856451119205
"cap","p_c","ASI",5.43954739493961
"cap","p_c","REA",0.837831143819246
"cap","p_c","ANZ",1.51620543036087
"cap","p_c","MES",55.5618430309715
"cap","p_c","AFR",3.85530135229675
"cap","p_c","IDZ",3.19334633512112
"cap","crp","CHN",160.350195236168
"cap","crp","JPN",49.3096303872747
"cap","crp","KOR",24.1907809087604
"cap","crp","TWN",7.2709012092756
"cap","crp","IND",24.7953132314652
"cap","crp","CAN",18.1172127961667
"cap","crp","USA",153.429605486349
"cap","crp","MEX",16.3516845223111
"cap","crp","BRA",37.5457209149864
"cap","crp","RUS",3.85596185298604
"cap","crp","LAM",36.6868501382092
"cap","crp","EUR",228.736200890547
"cap","crp","ROE",15.9222853107572
"cap","crp","ASI",46.3402038310802
"cap","crp","REA",4.6451280777109
"cap","crp","ANZ",7.24167805079003
"cap","crp","MES",52.5881089553088
"cap","crp","AFR",15.9437724017232
"cap","crp","IDZ",17.898353052506
"cap","nmm","CHN",90.1357343004015
"cap","nmm","JPN",12.0088834022363
"cap","nmm","KOR",6.00396045204342
"cap","nmm","TWN",1.55560531165685
"cap","nmm","IND",8.74748461401235
"cap","nmm","CAN",4.39364030196482
"cap","nmm","USA",19.3406453014671
"cap","nmm","MEX",8.20169743170845
"cap","nmm","BRA",6.22772816147602
"cap","nmm","RUS",4.1863757686016
"cap","nmm","LAM",9.80713071944678
"cap","nmm","EUR",52.6189315796526
"cap","nmm","ROE",8.80890120950897
"cap","nmm","ASI",6.05194734784432
"cap","nmm","REA",2.65407585721206
"cap","nmm","ANZ",2.28374770277989
"cap","nmm","MES",27.6923551952025
"cap","nmm","AFR",8.18755692112569
"cap","nmm","IDZ",6.86321356071255
"cap","i_s","CHN",87.5663220410909
"cap","i_s","JPN",32.4151913570957
"cap","i_s","KOR",16.1184103173522
"cap","i_s","TWN",4.87271904753757
"cap","i_s","IND",13.306912128641
"cap","i_s","CAN",2.35082301918472
"cap","i_s","USA",14.3412554340191
"cap","i_s","MEX",7.99667598001815
"cap","i_s","BRA",13.5279625715391
"cap","i_s","RUS",11.1171608034814
"cap","i_s","LAM",2.98264858120486
"cap","i_s","EUR",36.7279640096274
"cap","i_s","ROE",7.17155310985582
"cap","i_s","ASI",3.15655552457557
"cap","i_s","REA",0.248673781458792
"cap","i_s","ANZ",2.59414149700638
"cap","i_s","MES",30.5756838459446
"cap","i_s","AFR",5.34945658065645
"cap","i_s","IDZ",3.38461172853209
"cap","nfm","CHN",39.7205282985306
"cap","nfm","JPN",5.55851540849277
"cap","nfm","KOR",3.59561949686231
"cap","nfm","TWN",0.982738203629228
"cap","nfm","IND",2.85595603259467
"cap","nfm","CAN",5.31928480039139
"cap","nfm","USA",11.0284671836404
"cap","nfm","MEX",8.1203776769091
"cap","nfm","BRA",2.67050268565393
"cap","nfm","RUS",11.4264189404625
"cap","nfm","LAM",15.0295257744416
"cap","nfm","EUR",26.5187831962892
"cap","nfm","ROE",5.60103477995069
"cap","nfm","ASI",3.6717617798693
"cap","nfm","REA",0.747464304008346
"cap","nfm","ANZ",4.98536671480047
"cap","nfm","MES",12.4909230800352
"cap","nfm","AFR",16.2684403432886
"cap","nfm","IDZ",2.47074053564072
"cap","fmp","CHN",40.3257160221392
"cap","fmp","JPN",13.5690851133262
"cap","fmp","KOR",10.6461560079259
"cap","fmp","TWN",1.97049050760067
"cap","fmp","IND",6.56902671613558
"cap","fmp","CAN",5.30813249286943
"cap","fmp","USA",29.6887970794798
"cap","fmp","MEX",4.15448466767951
"cap","fmp","BRA",13.8867829585674
"cap","fmp","RUS",1.78064209205789
"cap","fmp","LAM",6.07921509126836
"cap","fmp","EUR",84.6197226943462
"cap","fmp","ROE",5.87128456930301
"cap","fmp","ASI",5.85639521752641
"cap","fmp","REA",1.39559974624064
"cap","fmp","ANZ",4.6359582968219
"cap","fmp","MES",11.5441893827626
"cap","fmp","AFR",5.14874407425305
"cap","fmp","IDZ",7.24728445089233
"cap","mvh","CHN",56.1250403527978
"cap","mvh","JPN",21.5378324112729
"cap","mvh","KOR",14.3182802472794
"cap","mvh","TWN",1.42792036068678
"cap","mvh","IND",4.53264178823644
"cap","mvh","CAN",11.6235879125498
"cap","mvh","USA",29.6601948636579
"cap","mvh","MEX",26.5683747329216
"cap","mvh","BRA",6.21353937538386
"cap","mvh","RUS",2.45796549586393
"cap","mvh","LAM",6.91808565213686
"cap","mvh","EUR",72.0828305521333
"cap","mvh","ROE",6.88570076024859
"cap","mvh","ASI",9.74437311257497
"cap","mvh","REA",1.62197188854219
"cap","mvh","ANZ",2.13092729161963
"cap","mvh","MES",20.0195148357571
"cap","mvh","AFR",6.53613567736025
"cap","mvh","IDZ",5.22001302760718
"cap","otn","CHN",22.6763917930142
"cap","otn","JPN",5.79738906992452
"cap","otn","KOR",8.88977908256736
"cap","otn","TWN",0.658576428397851
"cap","otn","IND",3.38071430951489
"cap","otn","CAN",4.02044178076263
"cap","otn","USA",19.1132356545772
"cap","otn","MEX",3.19502334630434
"cap","otn","BRA",1.49270356500425
"cap","otn","RUS",0.21510158855329
"cap","otn","LAM",1.5682787837648
"cap","otn","EUR",25.6297020266161
"cap","otn","ROE",2.91877500819235
"cap","otn","ASI",3.74475860244483
"cap","otn","REA",1.44631667079551
"cap","otn","ANZ",1.47676096469465
"cap","otn","MES",3.66194105562544
"cap","otn","AFR",5.98091527066799
"cap","otn","IDZ",4.54103359278803
"cap","ele","CHN",68.6409096322091
"cap","ele","JPN",24.216735097577
"cap","ele","KOR",36.2683210687724
"cap","ele","TWN",23.5991056965914
"cap","ele","IND",2.51268171690365
"cap","ele","CAN",1.6521951002718
"cap","ele","USA",21.5430510312239
"cap","ele","MEX",22.0057094444635
"cap","ele","BRA",8.95027853165445
"cap","ele","RUS",1.11550709046889
"cap","ele","LAM",5.87038669723497
"cap","ele","EUR",48.7985129819393
"cap","ele","ROE",7.69696527526112
"cap","ele","ASI",39.9179544934118
"cap","ele","REA",1.95781180382582
"cap","ele","ANZ",2.50022612376747
"cap","ele","MES",9.57207433365557
"cap","ele","AFR",5.25973398929767
"cap","ele","IDZ",1.6394609077904
"cap","ome","CHN",172.78733528868
"cap","ome","JPN",50.2672745351642
"cap","ome","KOR",25.4090576123863
"cap","ome","TWN",7.81397848198581
"cap","ome","IND",15.3354240219761
"cap","ome","CAN",8.41818993081468
"cap","ome","USA",111.006604159998
"cap","ome","MEX",14.9610888252496
"cap","ome","BRA",10.123734976831
"cap","ome","RUS",8.89468475595371
"cap","ome","LAM",12.4378467792841
"cap","ome","EUR",201.779516361512
"cap","ome","ROE",14.7155813408153
"cap","ome","ASI",29.225211291455
"cap","ome","REA",4.08798941180679
"cap","ome","ANZ",4.75687160619151
"cap","ome","MES",29.8691222629383
"cap","ome","AFR",8.74754861523617
"cap","ome","IDZ",5.24042027377545
"cap","omf","CHN",93.0117854689909
"cap","omf","JPN",7.22488272416647
"cap","omf","KOR",7.96906027686708
"cap","omf","TWN",0.683499166091896
"cap","omf","IND",14.6059527917216
"cap","omf","CAN",2.58902943289197
"cap","omf","USA",7.13611142676055
"cap","omf","MEX",3.25890968343663
"cap","omf","BRA",6.8214310355691
"cap","omf","RUS",3.4867190750726
"cap","omf","LAM",8.97991753298436
"cap","omf","EUR",39.0246294964123
"cap","omf","ROE",2.94916212300346
"cap","omf","ASI",5.89333833077654
"cap","omf","REA",2.08923644060079
"cap","omf","ANZ",1.71661535694513
"cap","omf","MES",4.65605235033385
"cap","omf","AFR",5.65102795421864
"cap","omf","IDZ",1.39929409116464
"cap","ely","CHN",45.2107826236391
"cap","ely","JPN",46.7459746451891
"cap","ely","KOR",8.05137776962891
"cap","ely","TWN",3.67680910285473
"cap","ely","IND",25.0372958932866
"cap","ely","CAN",23.794532988676
"cap","ely","USA",125.870002707992
"cap","ely","MEX",4.60706115576689
"cap","ely","BRA",31.9607330029359
"cap","ely","RUS",3.52578736142158
"cap","ely","LAM",16.059575900925
"cap","ely","EUR",168.315250287777
"cap","ely","ROE",24.8608695037714
"cap","ely","ASI",6.17002066196323
"cap","ely","REA",10.2808542507768
"cap","ely","ANZ",13.4168164307364
"cap","ely","MES",6.75607339409667
"cap","ely","AFR",8.73410434585174
"cap","ely","IDZ",0.82943748628759
"cap","wtr","CHN",8.49978849162651
"cap","wtr","JPN",17.7427763076902
"cap","wtr","KOR",2.95516315892284
"cap","wtr","TWN",0.338404619815995
"cap","wtr","IND",1.57485109706263
"cap","wtr","CAN",0.312769044986618
"cap","wtr","USA",20.6095895092184
"cap","wtr","MEX",0.093802210725361
"cap","wtr","BRA",8.44196274489979
"cap","wtr","RUS",3.28288815679152
"cap","wtr","LAM",4.64577638242503
"cap","wtr","EUR",23.0433194515193
"cap","wtr","ROE",3.3807085707379
"cap","wtr","ASI",2.57082508410449
"cap","wtr","REA",1.08662998431915
"cap","wtr","ANZ",5.36051387622233
"cap","wtr","MES",20.683677643548
"cap","wtr","AFR",4.5352321796362
"cap","wtr","IDZ",0.466046315064528
"cap","cns","CHN",141.907044657456
"cap","cns","JPN",44.8959401007698
"cap","cns","KOR",12.2932656991133
"cap","cns","TWN",2.67204708393107
"cap","cns","IND",22.9516160565991
"cap","cns","CAN",18.2750449071538
"cap","cns","USA",108.470823373546
"cap","cns","MEX",41.2693152030804
"cap","cns","BRA",52.6421457258385
"cap","cns","RUS",75.0145224689445
"cap","cns","LAM",65.4438850575482
"cap","cns","EUR",437.469122719708
"cap","cns","ROE",34.0810723833763
"cap","cns","ASI",15.2447734467482
"cap","cns","REA",22.2187326529249
"cap","cns","ANZ",15.7486658748383
"cap","cns","MES",77.1199989452852
"cap","cns","AFR",58.9771628923051
"cap","cns","IDZ",28.5057872760985
"cap","trd","CHN",306.280717057833
"cap","trd","JPN",311.903824425064
"cap","trd","KOR",68.5633370887576
"cap","trd","TWN",20.3102467724133
"cap","trd","IND",150.701339838549
"cap","trd","CAN",53.1092547448961
"cap","trd","USA",399.967335876992
"cap","trd","MEX",114.554699679341
"cap","trd","BRA",95.2159990811055
"cap","trd","RUS",278.301062032982
"cap","trd","LAM",123.815400851614
"cap","trd","EUR",432.431100061267
"cap","trd","ROE",76.3334926385065
"cap","trd","ASI",113.437854948723
"cap","trd","REA",54.0576190878717
"cap","trd","ANZ",32.1044637127586
"cap","trd","MES",112.023772744795
"cap","trd","AFR",84.018871192861
"cap","trd","IDZ",33.8568056415011
"cap","otp","CHN",152.917351232605
"cap","otp","JPN",68.9208879101616
"cap","otp","KOR",16.9253047555782
"cap","otp","TWN",2.36464269557824
"cap","otp","IND",33.4962972822006
"cap","otp","CAN",12.2360120583223
"cap","otp","USA",82.3357320499977
"cap","otp","MEX",44.0850745783343
"cap","otp","BRA",30.5315287421002
"cap","otp","RUS",35.5257725329197
"cap","otp","LAM",40.9901622179832
"cap","otp","EUR",205.082181501104
"cap","otp","ROE",58.9514980337567
"cap","otp","ASI",20.5754416594693
"cap","otp","REA",37.3347495885029
"cap","otp","ANZ",20.131077888527
"cap","otp","MES",40.482271805935
"cap","otp","AFR",26.9033171803588
"cap","otp","IDZ",7.17379546346933
"cap","wtp","CHN",45.6344412036416
"cap","wtp","JPN",15.2841850660736
"cap","wtp","KOR",3.26850789324777
"cap","wtp","TWN",0.682585868069276
"cap","wtp","IND",4.52325864693044
"cap","wtp","CAN",0.584955877997534
"cap","wtp","USA",10.9495298393335
"cap","wtp","MEX",0.573391387704001
"cap","wtp","BRA",3.81511399279379
"cap","wtp","RUS",5.000364183226
"cap","wtp","LAM",3.48869076489286
"cap","wtp","EUR",33.2711863779896
"cap","wtp","ROE",14.9324671123572
"cap","wtp","ASI",12.8981100880264
"cap","wtp","REA",2.21352818095114
"cap","wtp","ANZ",1.47088806109065
"cap","wtp","MES",4.61882153065222
"cap","wtp","AFR",2.48288278387649
"cap","wtp","IDZ",2.75175246952352
"cap","atp","CHN",11.592115613154
"cap","atp","JPN",3.89174192556424
"cap","atp","KOR",3.18190261901783
"cap","atp","TWN",1.21264255722253
"cap","atp","IND",1.32442153468733
"cap","atp","CAN",0.163636957839616
"cap","atp","USA",21.414099292339
"cap","atp","MEX",0.261772883857625
"cap","atp","BRA",4.62800048681525
"cap","atp","RUS",7.41659601220747
"cap","atp","LAM",3.94883461585185
"cap","atp","EUR",18.3682638085277
"cap","atp","ROE",4.42224459551514
"cap","atp","ASI",6.18447032254643
"cap","atp","REA",2.74034715462396
"cap","atp","ANZ",1.98554479469492
"cap","atp","MES",4.23465856082523
"cap","atp","AFR",4.50183842987906
"cap","atp","IDZ",1.04585761679504
"cap","cmn","CHN",97.0436170559849
"cap","cmn","JPN",72.2607356497842
"cap","cmn","KOR",14.7540960881871
"cap","cmn","TWN",5.14193530892723
"cap","cmn","IND",22.8536469440083
"cap","cmn","CAN",21.1428494860067
"cap","cmn","USA",171.872511144185
"cap","cmn","MEX",16.4117625655867
"cap","cmn","BRA",47.0636519904354
"cap","cmn","RUS",7.92800556381355
"cap","cmn","LAM",34.1401344168592
"cap","cmn","EUR",194.181768039065
"cap","cmn","ROE",23.7515343057887
"cap","cmn","ASI",17.4141676753434
"cap","cmn","REA",5.17694417432854
"cap","cmn","ANZ",18.0408416608847
"cap","cmn","MES",26.8843455912953
"cap","cmn","AFR",31.9132179329704
"cap","cmn","IDZ",10.2265083916871
"cap","ofi","CHN",200.121876138329
"cap","ofi","JPN",132.422594625805
"cap","ofi","KOR",30.9949186173647
"cap","ofi","TWN",12.2058476406334
"cap","ofi","IND",62.9364802251421
"cap","ofi","CAN",26.4194382739435
"cap","ofi","USA",174.474769180582
"cap","ofi","MEX",17.0187717648437
"cap","ofi","BRA",71.0816408382708
"cap","ofi","RUS",11.4626243944231
"cap","ofi","LAM",37.2165112600102
"cap","ofi","EUR",257.555752532803
"cap","ofi","ROE",72.7209570301708
"cap","ofi","ASI",30.5950056837372
"cap","ofi","REA",10.7795919334328
"cap","ofi","ANZ",55.4899523381374
"cap","ofi","MES",55.9291369416459
"cap","ofi","AFR",21.3126491686328
"cap","ofi","IDZ",21.7387964747059
"fix","frs","CHN",4.42636075737039
"fix","frs","JPN",0.429769265216828
"fix","frs","KOR",0.0868835239345943
"fix","frs","TWN",0.00917813013258503
"fix","frs","IND",1.27780000040377
"fix","frs","CAN",0.937819788303122
"fix","frs","USA",1.48864147908831
"fix","frs","MEX",0.294046983557307
"fix","frs","BRA",0.725131226054163
"fix","frs","RUS",0.965030267420542
"fix","frs","LAM",0.779631845294623
"fix","frs","EUR",3.92828278709322
"fix","frs","ROE",0.396099874074001
"fix","frs","ASI",0.489477468154927
"fix","frs","REA",0.894251264464571
"fix","frs","ANZ",0.560910857498987
"fix","frs","MES",0.123654229657958
"fix","frs","AFR",1.39628431546522
"fix","frs","IDZ",0.638245345484415
"fix","fsh","CHN",26.4118702809869
"fix","fsh","JPN",3.81862050550429
"fix","fsh","KOR",1.20048389929557
"fix","fsh","TWN",0.605779470670265
"fix","fsh","IND",4.54651244817444
"fix","fsh","CAN",0.788213855615626
"fix","fsh","USA",1.84627227137193
"fix","fsh","MEX",0.438475868512574
"fix","fsh","BRA",0.887758491077044
"fix","fsh","RUS",1.10571859958544
"fix","fsh","LAM",3.36034410790594
"fix","fsh","EUR",7.97900646754276
"fix","fsh","ROE",1.11643722594093
"fix","fsh","ASI",4.27459357188186
"fix","fsh","REA",5.51984748100994
"fix","fsh","ANZ",0.76515083474051
"fix","fsh","MES",0.717163275317009
"fix","fsh","AFR",5.76462507911776
"fix","fsh","IDZ",3.59703170325046
"fix","coa","CHN",34.0483866826769
"fix","coa","KOR",0.046620096464484
"fix","coa","IND",2.71109787059886
"fix","coa","CAN",1.73205945715498
"fix","coa","USA",15.579265951215
"fix","coa","MEX",0.157017535163775
"fix","coa","BRA",0.061941702827697
"fix","coa","RUS",5.07096433745735
"fix","coa","LAM",2.15095575216482
"fix","coa","EUR",9.08870481789559
"fix","coa","ROE",4.18576890933665
"fix","coa","ASI",0.326436985877745
"fix","coa","REA",2.12453663516687
"fix","coa","ANZ",10.9136661803349
"fix","coa","MES",0.0479478169729314
"fix","coa","AFR",2.97210214547133
"fix","coa","IDZ",9.21896078796284
"fix","oil","CHN",29.0406010011497
"fix","oil","IND",5.97922836471269
"fix","oil","CAN",22.0380589163124
"fix","oil","USA",53.4216193441981
"fix","oil","MEX",5.35290564306415
"fix","oil","BRA",12.1349234092727
"fix","oil","RUS",78.3521616688707
"fix","oil","LAM",37.920928857461
"fix","oil","EUR",34.5321456551454
"fix","oil","ROE",23.676418941588
"fix","oil","ASI",7.40850293762414
"fix","oil","REA",4.22527888273416
"fix","oil","ANZ",4.71691164958499
"fix","oil","MES",244.091157086642
"fix","oil","AFR",70.5820693219012
"fix","oil","IDZ",9.28686705687545
"fix","gas","CHN",0.079400918334286
"fix","gas","TWN",0.0108984034593314
"fix","gas","IND",0.745598882178904
"fix","gas","CAN",4.92755930474247
"fix","gas","USA",5.16612621415911
"fix","gas","MEX",0.585714608324499
"fix","gas","BRA",0.255985601720404
"fix","gas","RUS",13.975415429011
"fix","gas","LAM",2.60427852790149
"fix","gas","EUR",13.7720782120929
"fix","gas","ROE",6.27900654746106
"fix","gas","ASI",3.53977230627777
"fix","gas","REA",2.31691282887302
"fix","gas","ANZ",3.67694878814397
"fix","gas","MES",22.9356471132501
"fix","gas","AFR",13.5109198231921
"fix","gas","IDZ",4.47525876132774
"fix","omn","CHN",20.0135634083335
"fix","omn","JPN",0.713024508649491
"fix","omn","KOR",0.230742619907553
"fix","omn","TWN",0.226026408884317
"fix","omn","IND",1.48833551901893
"fix","omn","CAN",1.8311513530022
"fix","omn","USA",3.26394403362348
"fix","omn","MEX",1.61165769327017
"fix","omn","BRA",5.18977882442152
"fix","omn","RUS",1.6201497747286
"fix","omn","LAM",5.00699058167968
"fix","omn","EUR",6.48287365484341
"fix","omn","ROE",2.30663752936855
"fix","omn","ASI",0.804621065680238
"fix","omn","REA",0.870126318572581
"fix","omn","ANZ",8.29956094402296
"fix","omn","MES",1.98993592278663
"fix","omn","AFR",4.59204130938704
"fix","omn","IDZ",2.36985247423797
